{
"type": "FeatureCollection",
"name": "tracts",
"features": [
{ "type": "Feature", "properties": { "tract_geoid": "12103027703", "tract_name": "277.03", "land_area": 692549, "water_area": 1715895 }, "geometry": { "type": "Polygon", "coordinates": [ [ [ -82.855231, 27.872299 ], [ -82.853921, 27.864768 ], [ -82.851996, 27.857293 ], [ -82.848485, 27.848029 ], [ -82.846036, 27.843603 ], [ -82.84188, 27.843581 ], [ -82.840087, 27.84399 ], [ -82.838214, 27.843924 ], [ -82.838267, 27.844964 ], [ -82.840564, 27.847476 ], [ -82.844376, 27.861487 ], [ -82.846607, 27.864787 ], [ -82.849316, 27.871652 ], [ -82.852923, 27.87162 ], [ -82.852929, 27.872373 ], [ -82.855231, 27.872299 ] ] ] } },
{ "type": "Feature", "properties": { "tract_geoid": "12103028103", "tract_name": "281.03", "land_area": 749536, "water_area": 947118 }, "geometry": { "type": "Polygon", "coordinates": [ [ [ -82.746141, 27.746148 ], [ -82.738256, 27.743819 ], [ -82.733041, 27.739722 ], [ -82.732278, 27.73816 ], [ -82.732401, 27.754385 ], [ -82.732248, 27.75439 ], [ -82.732247, 27.756365 ], [ -82.731279, 27.756933 ], [ -82.731448, 27.757877 ], [ -82.732566, 27.758001 ], [ -82.732619, 27.762962 ], [ -82.734591, 27.763614 ], [ -82.738117, 27.753502 ], [ -82.738806, 27.752599 ], [ -82.739907, 27.751777 ], [ -82.742701, 27.750803 ], [ -82.743759, 27.750169 ], [ -82.744701, 27.749273 ], [ -82.745356, 27.748232 ], [ -82.746141, 27.746148 ] ] ] } },
{ "type": "Feature", "properties": { "tract_geoid": "12103028104", "tract_name": "281.04", "land_area": 862800, "water_area": 808476 }, "geometry": { "type": "Polygon", "coordinates": [ [ [ -82.753359, 27.75266 ], [ -82.753105, 27.752536 ], [ -82.750296, 27.748597 ], [ -82.748825, 27.74725 ], [ -82.748319, 27.746799 ], [ -82.746141, 27.746148 ], [ -82.745356, 27.748232 ], [ -82.744701, 27.749273 ], [ -82.743759, 27.750169 ], [ -82.742701, 27.750803 ], [ -82.739907, 27.751777 ], [ -82.738806, 27.752599 ], [ -82.738117, 27.753502 ], [ -82.735286, 27.761491 ], [ -82.737679, 27.762407 ], [ -82.738812, 27.763216 ], [ -82.739547, 27.763976 ], [ -82.741144, 27.762772 ], [ -82.743618, 27.762796 ], [ -82.743635, 27.760235 ], [ -82.743265, 27.759842 ], [ -82.743631, 27.759345 ], [ -82.744707, 27.758517 ], [ -82.744701, 27.759824 ], [ -82.753359, 27.75266 ] ] ] } },
{ "type": "Feature", "properties": { "tract_geoid": "12103024408", "tract_name": "244.08", "land_area": 1677445, "water_area": 28574 }, "geometry": { "type": "Polygon", "coordinates": [ [ [ -82.638724, 27.842795 ], [ -82.638675, 27.821123 ], [ -82.635343, 27.821083 ], [ -82.63336, 27.821315 ], [ -82.627188, 27.821316 ], [ -82.627342, 27.822396 ], [ -82.627317, 27.824898 ], [ -82.623468, 27.824932 ], [ -82.623524, 27.828527 ], [ -82.634567, 27.828493 ], [ -82.634672, 27.843076 ], [ -82.63423, 27.843726 ], [ -82.634203, 27.844104 ], [ -82.634603, 27.844104 ], [ -82.635036, 27.843529 ], [ -82.637015, 27.843442 ], [ -82.637648, 27.842941 ], [ -82.638724, 27.842795 ] ] ] } },
{ "type": "Feature", "properties": { "tract_geoid": "12103027801", "tract_name": "278.01", "land_area": 836007, "water_area": 1214359 }, "geometry": { "type": "Polygon", "coordinates": [ [ [ -82.807961, 27.803206 ], [ -82.810124, 27.801174 ], [ -82.803086, 27.795674 ], [ -82.795645, 27.795461 ], [ -82.793581, 27.797711 ], [ -82.793139, 27.799198 ], [ -82.792246, 27.800578 ], [ -82.790752, 27.803912 ], [ -82.791538, 27.804487 ], [ -82.794131, 27.807197 ], [ -82.794158, 27.807623 ], [ -82.796382, 27.809145 ], [ -82.797151, 27.808591 ], [ -82.79742, 27.808795 ], [ -82.799724, 27.812103 ], [ -82.804802, 27.806894 ], [ -82.806717, 27.804818 ], [ -82.807961, 27.803206 ] ] ] } },
{ "type": "Feature", "properties": { "tract_geoid": "12103024804", "tract_name": "248.04", "land_area": 1105687, "water_area": 28824 }, "geometry": { "type": "Polygon", "coordinates": [ [ [ -82.728597, 27.808174 ], [ -82.720392, 27.808192 ], [ -82.720426, 27.820985 ], [ -82.728484, 27.820951 ], [ -82.728597, 27.808174 ] ] ] } },
{ "type": "Feature", "properties": { "tract_geoid": "12103025505", "tract_name": "255.05", "land_area": 969839, "water_area": 53533 }, "geometry": { "type": "Polygon", "coordinates": [ [ [ -82.800696, 27.93215 ], [ -82.800418, 27.928474 ], [ -82.799268, 27.928472 ], [ -82.799003, 27.931374 ], [ -82.795692, 27.931333 ], [ -82.795668, 27.933233 ], [ -82.793449, 27.933229 ], [ -82.792947, 27.93136 ], [ -82.791601, 27.931387 ], [ -82.791585, 27.933316 ], [ -82.787499, 27.933281 ], [ -82.787394, 27.938893 ], [ -82.797636, 27.938947 ], [ -82.799477, 27.941516 ], [ -82.799911, 27.942621 ], [ -82.800054, 27.94257 ], [ -82.8002, 27.937085 ], [ -82.800696, 27.93215 ] ] ] } },
{ "type": "Feature", "properties": { "tract_geoid": "12103026101", "tract_name": "261.01", "land_area": 1307197, "water_area": 1295795 }, "geometry": { "type": "Polygon", "coordinates": [ [ [ -82.806432, 27.966877 ], [ -82.806617, 27.966638 ], [ -82.804512, 27.965596 ], [ -82.803669, 27.96446 ], [ -82.803751, 27.967023 ], [ -82.80355, 27.967631 ], [ -82.8032, 27.967977 ], [ -82.802792, 27.968152 ], [ -82.797924, 27.968157 ], [ -82.797773, 27.970153 ], [ -82.797232, 27.973609 ], [ -82.796625, 27.976264 ], [ -82.795962, 27.977408 ], [ -82.795997, 27.980953 ], [ -82.788288, 27.98086 ], [ -82.788666, 27.982024 ], [ -82.789266, 27.982734 ], [ -82.788569, 27.982906 ], [ -82.788124, 27.983224 ], [ -82.78857, 27.983618 ], [ -82.788839, 27.984375 ], [ -82.789366, 27.985141 ], [ -82.79038, 27.985711 ], [ -82.7915, 27.986732 ], [ -82.792268, 27.987116 ], [ -82.793449, 27.988875 ], [ -82.795167, 27.989305 ], [ -82.795708, 27.989729 ], [ -82.798323, 27.990707 ], [ -82.802332, 27.990998 ], [ -82.802724, 27.988596 ], [ -82.804824, 27.981397 ], [ -82.806432, 27.966877 ] ] ] } },
{ "type": "Feature", "properties": { "tract_geoid": "12103024411", "tract_name": "244.11", "land_area": 9539690, "water_area": 21632296 }, "geometry": { "type": "Polygon", "coordinates": [ [ [ -82.638724, 27.842795 ], [ -82.637648, 27.842941 ], [ -82.637015, 27.843442 ], [ -82.635036, 27.843529 ], [ -82.634603, 27.844104 ], [ -82.63031, 27.844154 ], [ -82.629049, 27.843688 ], [ -82.62069, 27.84893 ], [ -82.617708, 27.850398 ], [ -82.614652, 27.843438 ], [ -82.611067, 27.843217 ], [ -82.609746, 27.842833 ], [ -82.607633, 27.841054 ], [ -82.605351, 27.838489 ], [ -82.603719, 27.830503 ], [ -82.599067, 27.826175 ], [ -82.596289, 27.824748 ], [ -82.59429, 27.824182 ], [ -82.591131, 27.823631 ], [ -82.566119, 27.823403 ], [ -82.566819, 27.858002 ], [ -82.567902, 27.883369 ], [ -82.582746, 27.879125 ], [ -82.592691, 27.876648 ], [ -82.631708, 27.865705 ], [ -82.631947, 27.86577 ], [ -82.63524, 27.864998 ], [ -82.638815, 27.864946 ], [ -82.638724, 27.842795 ] ] ] } },
{ "type": "Feature", "properties": { "tract_geoid": "12103024512", "tract_name": "245.12", "land_area": 12101486, "water_area": 722042 }, "geometry": { "type": "Polygon", "coordinates": [ [ [ -82.722371, 27.893732 ], [ -82.703046, 27.866387 ], [ -82.700196, 27.862555 ], [ -82.700223, 27.864698 ], [ -82.699842, 27.864802 ], [ -82.691118, 27.864722 ], [ -82.686771, 27.85841 ], [ -82.681037, 27.859343 ], [ -82.679709, 27.859353 ], [ -82.679772, 27.864704 ], [ -82.679585, 27.87189 ], [ -82.671533, 27.872067 ], [ -82.671594, 27.882845 ], [ -82.671333, 27.883746 ], [ -82.669101, 27.886256 ], [ -82.671679, 27.888171 ], [ -82.672831, 27.889407 ], [ -82.673248, 27.890343 ], [ -82.673422, 27.893301 ], [ -82.673631, 27.89379 ], [ -82.718281, 27.893879 ], [ -82.722371, 27.893732 ] ] ] } },
{ "type": "Feature", "properties": { "tract_geoid": "12103027905", "tract_name": "279.05", "land_area": 2114627, "water_area": 3816300 }, "geometry": { "type": "Polygon", "coordinates": [ [ [ -82.780967, 27.781695 ], [ -82.779149, 27.779895 ], [ -82.778444, 27.778762 ], [ -82.777016, 27.777705 ], [ -82.776026, 27.777551 ], [ -82.775649, 27.777276 ], [ -82.774796, 27.776159 ], [ -82.77341, 27.77657 ], [ -82.773008, 27.77651 ], [ -82.77286, 27.776263 ], [ -82.772374, 27.776482 ], [ -82.772514, 27.776103 ], [ -82.772848, 27.775905 ], [ -82.773287, 27.775003 ], [ -82.773287, 27.774712 ], [ -82.771315, 27.772637 ], [ -82.771142, 27.772753 ], [ -82.770659, 27.772477 ], [ -82.769713, 27.771515 ], [ -82.769392, 27.771404 ], [ -82.769025, 27.771612 ], [ -82.767183, 27.771966 ], [ -82.76691, 27.771709 ], [ -82.765853, 27.77199 ], [ -82.764521, 27.771369 ], [ -82.764108, 27.771351 ], [ -82.763544, 27.770781 ], [ -82.765537, 27.765954 ], [ -82.764428, 27.760324 ], [ -82.763365, 27.758615 ], [ -82.762931, 27.758315 ], [ -82.76238, 27.758214 ], [ -82.761715, 27.758437 ], [ -82.757592, 27.759043 ], [ -82.757141, 27.760687 ], [ -82.755247, 27.762817 ], [ -82.754222, 27.764309 ], [ -82.753303, 27.766713 ], [ -82.753446, 27.774957 ], [ -82.760777, 27.789104 ], [ -82.770701, 27.796038 ], [ -82.778061, 27.787915 ], [ -82.779921, 27.783119 ], [ -82.780329, 27.782597 ], [ -82.78028, 27.782206 ], [ -82.780967, 27.781695 ] ] ] } },
{ "type": "Feature", "properties": { "tract_geoid": "12103024517", "tract_name": "245.17", "land_area": 3426398, "water_area": 27105775 }, "geometry": { "type": "Polygon", "coordinates": [ [ [ -82.638963, 27.895404 ], [ -82.638254, 27.895383 ], [ -82.637542, 27.894858 ], [ -82.637267, 27.888727 ], [ -82.637446, 27.888402 ], [ -82.637031, 27.887741 ], [ -82.637063, 27.886817 ], [ -82.636146, 27.887059 ], [ -82.636196, 27.887713 ], [ -82.635874, 27.887829 ], [ -82.635044, 27.887586 ], [ -82.635286, 27.88718 ], [ -82.635286, 27.886827 ], [ -82.634555, 27.886871 ], [ -82.634611, 27.887058 ], [ -82.633862, 27.886937 ], [ -82.633131, 27.88714 ], [ -82.63289, 27.886837 ], [ -82.632561, 27.887178 ], [ -82.632425, 27.887624 ], [ -82.632957, 27.887861 ], [ -82.633768, 27.887867 ], [ -82.633312, 27.888071 ], [ -82.629509, 27.88737 ], [ -82.629771, 27.887322 ], [ -82.629871, 27.886473 ], [ -82.629796, 27.883002 ], [ -82.62962, 27.877701 ], [ -82.62922, 27.877301 ], [ -82.62972, 27.876801 ], [ -82.629688, 27.876353 ], [ -82.62946, 27.876096 ], [ -82.629464, 27.87589 ], [ -82.629648, 27.875873 ], [ -82.629717, 27.866263 ], [ -82.592691, 27.876648 ], [ -82.582746, 27.879125 ], [ -82.567902, 27.883369 ], [ -82.568719, 27.8929 ], [ -82.570019, 27.8999 ], [ -82.573419, 27.909 ], [ -82.577519, 27.916 ], [ -82.581819, 27.921699 ], [ -82.587286, 27.927713 ], [ -82.609096, 27.91992 ], [ -82.617503, 27.916373 ], [ -82.621657, 27.914143 ], [ -82.625604, 27.911645 ], [ -82.630772, 27.907845 ], [ -82.634493, 27.904572 ], [ -82.639009, 27.899973 ], [ -82.638963, 27.895404 ] ] ] } },
{ "type": "Feature", "properties": { "tract_geoid": "12103025020", "tract_name": "250.20", "land_area": 1302221, "water_area": 32813 }, "geometry": { "type": "Polygon", "coordinates": [ [ [ -82.745806, 27.894294 ], [ -82.74573, 27.88685 ], [ -82.743599, 27.886905 ], [ -82.729124, 27.886432 ], [ -82.728933, 27.893677 ], [ -82.745806, 27.894294 ] ] ] } },
{ "type": "Feature", "properties": { "tract_geoid": "12103024519", "tract_name": "245.19", "land_area": 963938, "water_area": 86754 }, "geometry": { "type": "Polygon", "coordinates": [ [ [ -82.638815, 27.864946 ], [ -82.63524, 27.864998 ], [ -82.629717, 27.866263 ], [ -82.629648, 27.875873 ], [ -82.638265, 27.875917 ], [ -82.638781, 27.875735 ], [ -82.638815, 27.864946 ] ] ] } },
{ "type": "Feature", "properties": { "tract_geoid": "12103024518", "tract_name": "245.18", "land_area": 1127262, "water_area": 143112 }, "geometry": { "type": "Polygon", "coordinates": [ [ [ -82.63891, 27.895416 ], [ -82.638781, 27.875735 ], [ -82.638265, 27.875917 ], [ -82.629464, 27.87589 ], [ -82.62972, 27.876801 ], [ -82.62922, 27.877301 ], [ -82.62962, 27.877701 ], [ -82.629871, 27.886473 ], [ -82.629771, 27.887322 ], [ -82.629509, 27.88737 ], [ -82.633312, 27.888071 ], [ -82.633768, 27.887867 ], [ -82.632957, 27.887861 ], [ -82.632425, 27.887624 ], [ -82.632561, 27.887178 ], [ -82.63289, 27.886837 ], [ -82.633131, 27.88714 ], [ -82.633862, 27.886937 ], [ -82.634611, 27.887058 ], [ -82.634555, 27.886871 ], [ -82.635286, 27.886827 ], [ -82.635286, 27.88718 ], [ -82.635044, 27.887586 ], [ -82.635874, 27.887829 ], [ -82.636196, 27.887713 ], [ -82.636146, 27.887059 ], [ -82.637063, 27.886817 ], [ -82.637031, 27.887741 ], [ -82.637446, 27.888402 ], [ -82.637267, 27.888727 ], [ -82.637542, 27.894858 ], [ -82.638254, 27.895383 ], [ -82.63891, 27.895416 ] ] ] } },
{ "type": "Feature", "properties": { "tract_geoid": "12103026004", "tract_name": "260.04", "land_area": 1224003, "water_area": 2317385 }, "geometry": { "type": "Polygon", "coordinates": [ [ [ -82.832987, 28.009237 ], [ -82.833335, 27.999999 ], [ -82.832967, 27.989039 ], [ -82.826089, 27.988984 ], [ -82.826135, 27.987201 ], [ -82.82519, 27.987198 ], [ -82.825032, 27.986978 ], [ -82.824251, 27.986939 ], [ -82.82391, 27.986769 ], [ -82.823495, 27.984266 ], [ -82.821792, 28.000502 ], [ -82.816418, 28.000425 ], [ -82.816615, 28.000824 ], [ -82.815765, 28.001339 ], [ -82.81574, 28.001614 ], [ -82.816909, 28.00293 ], [ -82.817258, 28.003764 ], [ -82.817607, 28.004083 ], [ -82.817548, 28.004523 ], [ -82.819197, 28.005844 ], [ -82.819614, 28.005837 ], [ -82.82283, 28.010096 ], [ -82.828957, 28.018303 ], [ -82.82884, 28.019024 ], [ -82.832206, 28.019003 ], [ -82.832987, 28.009237 ] ] ] } },
{ "type": "Feature", "properties": { "tract_geoid": "12103025310", "tract_name": "253.10", "land_area": 649621, "water_area": 16465 }, "geometry": { "type": "Polygon", "coordinates": [ [ [ -82.795372, 27.894641 ], [ -82.787097, 27.89464 ], [ -82.787141, 27.902056 ], [ -82.79535, 27.902084 ], [ -82.795372, 27.894641 ] ] ] } },
{ "type": "Feature", "properties": { "tract_geoid": "12103025021", "tract_name": "250.21", "land_area": 3047936, "water_area": 220632 }, "geometry": { "type": "Polygon", "coordinates": [ [ [ -82.779124, 27.890889 ], [ -82.778781, 27.89001 ], [ -82.778769, 27.887435 ], [ -82.777692, 27.887485 ], [ -82.777308, 27.887055 ], [ -82.776223, 27.886968 ], [ -82.775924, 27.8846 ], [ -82.775959, 27.883633 ], [ -82.773168, 27.883756 ], [ -82.771733, 27.883563 ], [ -82.762374, 27.883471 ], [ -82.762353, 27.88711 ], [ -82.753983, 27.887047 ], [ -82.753861, 27.886976 ], [ -82.753852, 27.885226 ], [ -82.753587, 27.884718 ], [ -82.752662, 27.885175 ], [ -82.749099, 27.885137 ], [ -82.74905, 27.886642 ], [ -82.748255, 27.886637 ], [ -82.74823, 27.888293 ], [ -82.745741, 27.888274 ], [ -82.745806, 27.894294 ], [ -82.779033, 27.894644 ], [ -82.77896, 27.891051 ], [ -82.779124, 27.890889 ] ] ] } },
{ "type": "Feature", "properties": { "tract_geoid": "12103022102", "tract_name": "221.02", "land_area": 1226041, "water_area": 0 }, "geometry": { "type": "Polygon", "coordinates": [ [ [ -82.699888, 27.776402 ], [ -82.69984, 27.770924 ], [ -82.679424, 27.770988 ], [ -82.679397, 27.776457 ], [ -82.699888, 27.776402 ] ] ] } },
{ "type": "Feature", "properties": { "tract_geoid": "12103024603", "tract_name": "246.03", "land_area": 945535, "water_area": 43952 }, "geometry": { "type": "Polygon", "coordinates": [ [ [ -82.671351, 27.808338 ], [ -82.663994, 27.808363 ], [ -82.662942, 27.808778 ], [ -82.664432, 27.812481 ], [ -82.664522, 27.821107 ], [ -82.671319, 27.821084 ], [ -82.671351, 27.808338 ] ] ] } },
{ "type": "Feature", "properties": { "tract_geoid": "12103023501", "tract_name": "235.01", "land_area": 684714, "water_area": 0 }, "geometry": { "type": "Polygon", "coordinates": [ [ [ -82.646701, 27.776866 ], [ -82.644687, 27.77742 ], [ -82.641602, 27.77753 ], [ -82.641507, 27.781171 ], [ -82.642211, 27.781189 ], [ -82.642223, 27.783077 ], [ -82.643619, 27.782807 ], [ -82.643584, 27.784035 ], [ -82.642938, 27.785113 ], [ -82.643206, 27.786174 ], [ -82.642527, 27.787707 ], [ -82.64264, 27.792108 ], [ -82.646701, 27.792095 ], [ -82.646701, 27.776866 ] ] ] } },
{ "type": "Feature", "properties": { "tract_geoid": "12103021502", "tract_name": "215.02", "land_area": 593106, "water_area": 42635 }, "geometry": { "type": "Polygon", "coordinates": [ [ [ -82.646701, 27.776866 ], [ -82.646658, 27.770277 ], [ -82.638461, 27.770309 ], [ -82.638539, 27.777545 ], [ -82.644687, 27.77742 ], [ -82.646701, 27.776866 ] ] ] } },
{ "type": "Feature", "properties": { "tract_geoid": "12103024805", "tract_name": "248.05", "land_area": 1083946, "water_area": 52702 }, "geometry": { "type": "Polygon", "coordinates": [ [ [ -82.720392, 27.808192 ], [ -82.712271, 27.808237 ], [ -82.712271, 27.82101 ], [ -82.720426, 27.820985 ], [ -82.720392, 27.808192 ] ] ] } },
{ "type": "Feature", "properties": { "tract_geoid": "12103028700", "tract_name": "287", "land_area": 1805923, "water_area": 0 }, "geometry": { "type": "Polygon", "coordinates": [ [ [ -82.676762, 27.75562 ], [ -82.654769, 27.755674 ], [ -82.654792, 27.762977 ], [ -82.646666, 27.763053 ], [ -82.646642, 27.766101 ], [ -82.655725, 27.766291 ], [ -82.656895, 27.766638 ], [ -82.657736, 27.767499 ], [ -82.658156, 27.766178 ], [ -82.658741, 27.765353 ], [ -82.662484, 27.76242 ], [ -82.664425, 27.761587 ], [ -82.665795, 27.761412 ], [ -82.668967, 27.761346 ], [ -82.670847, 27.760766 ], [ -82.675261, 27.757769 ], [ -82.676762, 27.75562 ] ] ] } },
{ "type": "Feature", "properties": { "tract_geoid": "12103020108", "tract_name": "201.08", "land_area": 1328655, "water_area": 2467903 }, "geometry": { "type": "Polygon", "coordinates": [ [ [ -82.725311, 27.69926 ], [ -82.724191, 27.697139 ], [ -82.717417, 27.693123 ], [ -82.717364, 27.69113 ], [ -82.714942, 27.692739 ], [ -82.708568, 27.697499 ], [ -82.70634, 27.713117 ], [ -82.706845, 27.715291 ], [ -82.707697, 27.717891 ], [ -82.713962, 27.716755 ], [ -82.714265, 27.716479 ], [ -82.714411, 27.716953 ], [ -82.71588, 27.716595 ], [ -82.715364, 27.714862 ], [ -82.721697, 27.713371 ], [ -82.722247, 27.713107 ], [ -82.722464, 27.712744 ], [ -82.722463, 27.710802 ], [ -82.722728, 27.710293 ], [ -82.723075, 27.710127 ], [ -82.72296, 27.709552 ], [ -82.722468, 27.70948 ], [ -82.724681, 27.707417 ], [ -82.724436, 27.706217 ], [ -82.725311, 27.69926 ] ] ] } },
{ "type": "Feature", "properties": { "tract_geoid": "12103020107", "tract_name": "201.07", "land_area": 962077, "water_area": 3636022 }, "geometry": { "type": "Polygon", "coordinates": [ [ [ -82.713962, 27.716755 ], [ -82.707697, 27.717891 ], [ -82.706845, 27.715291 ], [ -82.70634, 27.713117 ], [ -82.708568, 27.697499 ], [ -82.706238, 27.69924 ], [ -82.693862, 27.700105 ], [ -82.679546, 27.695332 ], [ -82.679286, 27.69504 ], [ -82.679181, 27.694485 ], [ -82.679414, 27.700567 ], [ -82.679831, 27.700531 ], [ -82.687336, 27.707091 ], [ -82.698268, 27.717769 ], [ -82.698739, 27.718611 ], [ -82.705222, 27.725056 ], [ -82.713962, 27.716755 ] ] ] } },
{ "type": "Feature", "properties": { "tract_geoid": "12103020207", "tract_name": "202.07", "land_area": 1553394, "water_area": 8017058 }, "geometry": { "type": "Polygon", "coordinates": [ [ [ -82.679422, 27.703144 ], [ -82.679106, 27.69278 ], [ -82.678912, 27.692591 ], [ -82.678494, 27.68705 ], [ -82.676845, 27.655153 ], [ -82.676367, 27.652306 ], [ -82.675701, 27.650643 ], [ -82.663142, 27.654635 ], [ -82.663237, 27.69877 ], [ -82.660618, 27.698163 ], [ -82.660559, 27.698841 ], [ -82.660789, 27.704757 ], [ -82.663338, 27.704713 ], [ -82.663368, 27.707567 ], [ -82.663236, 27.708351 ], [ -82.662871, 27.708353 ], [ -82.662855, 27.711973 ], [ -82.664826, 27.711898 ], [ -82.665721, 27.711607 ], [ -82.668423, 27.709483 ], [ -82.669678, 27.709062 ], [ -82.679342, 27.708931 ], [ -82.679422, 27.703144 ] ] ] } },
{ "type": "Feature", "properties": { "tract_geoid": "12103025122", "tract_name": "251.22", "land_area": 2729475, "water_area": 261264 }, "geometry": { "type": "Polygon", "coordinates": [ [ [ -82.846849, 27.865388 ], [ -82.846607, 27.864787 ], [ -82.844376, 27.861487 ], [ -82.840564, 27.847476 ], [ -82.838267, 27.844964 ], [ -82.838214, 27.843924 ], [ -82.828183, 27.843764 ], [ -82.828144, 27.854085 ], [ -82.828763, 27.855119 ], [ -82.831256, 27.857041 ], [ -82.832289, 27.858423 ], [ -82.832357, 27.865732 ], [ -82.84116, 27.865794 ], [ -82.8421, 27.865336 ], [ -82.846849, 27.865388 ] ] ] } },
{ "type": "Feature", "properties": { "tract_geoid": "12103025123", "tract_name": "251.23", "land_area": 1079326, "water_area": 1169 }, "geometry": { "type": "Polygon", "coordinates": [ [ [ -82.832289, 27.858423 ], [ -82.831256, 27.857041 ], [ -82.828763, 27.855119 ], [ -82.828144, 27.854085 ], [ -82.828218, 27.858394 ], [ -82.819912, 27.858331 ], [ -82.819991, 27.865634 ], [ -82.832357, 27.865732 ], [ -82.832289, 27.858423 ] ] ] } },
{ "type": "Feature", "properties": { "tract_geoid": "12103025209", "tract_name": "252.09", "land_area": 2397710, "water_area": 30518 }, "geometry": { "type": "Polygon", "coordinates": [ [ [ -82.832472, 27.889264 ], [ -82.832384, 27.880422 ], [ -82.820008, 27.880324 ], [ -82.820105, 27.90224 ], [ -82.823266, 27.902299 ], [ -82.825886, 27.898444 ], [ -82.828145, 27.897097 ], [ -82.829703, 27.895601 ], [ -82.830761, 27.894118 ], [ -82.831475, 27.892549 ], [ -82.832365, 27.891283 ], [ -82.832472, 27.889264 ] ] ] } },
{ "type": "Feature", "properties": { "tract_geoid": "12103025307", "tract_name": "253.07", "land_area": 3314476, "water_area": 142146 }, "geometry": { "type": "Polygon", "coordinates": [ [ [ -82.815167, 27.880882 ], [ -82.815166, 27.880715 ], [ -82.814598, 27.880276 ], [ -82.795301, 27.880155 ], [ -82.79535, 27.902084 ], [ -82.804659, 27.902157 ], [ -82.805444, 27.902286 ], [ -82.806186, 27.900275 ], [ -82.807261, 27.899431 ], [ -82.80801, 27.896708 ], [ -82.808264, 27.896681 ], [ -82.807923, 27.89343 ], [ -82.808983, 27.89243 ], [ -82.809718, 27.891225 ], [ -82.812562, 27.88331 ], [ -82.813472, 27.882106 ], [ -82.815167, 27.880882 ] ] ] } },
{ "type": "Feature", "properties": { "tract_geoid": "12103027701", "tract_name": "277.01", "land_area": 1576998, "water_area": 3003228 }, "geometry": { "type": "Polygon", "coordinates": [ [ [ -82.831871, 27.81985 ], [ -82.82358, 27.811224 ], [ -82.810124, 27.801174 ], [ -82.807961, 27.803206 ], [ -82.806717, 27.804818 ], [ -82.804802, 27.806894 ], [ -82.799724, 27.812103 ], [ -82.818065, 27.82869 ], [ -82.818979, 27.828506 ], [ -82.819096, 27.828302 ], [ -82.819666, 27.828044 ], [ -82.823033, 27.826741 ], [ -82.822325, 27.823923 ], [ -82.822644, 27.823825 ], [ -82.822743, 27.823323 ], [ -82.825208, 27.822405 ], [ -82.826559, 27.821599 ], [ -82.831871, 27.81985 ] ] ] } },
{ "type": "Feature", "properties": { "tract_geoid": "12103027704", "tract_name": "277.04", "land_area": 1056057, "water_area": 1684011 }, "geometry": { "type": "Polygon", "coordinates": [ [ [ -82.846036, 27.843603 ], [ -82.842713, 27.837762 ], [ -82.837129, 27.829298 ], [ -82.832817, 27.821122 ], [ -82.831871, 27.81985 ], [ -82.826559, 27.821599 ], [ -82.825208, 27.822405 ], [ -82.822743, 27.823323 ], [ -82.822644, 27.823825 ], [ -82.822325, 27.823923 ], [ -82.823033, 27.826741 ], [ -82.819666, 27.828044 ], [ -82.819096, 27.828302 ], [ -82.818979, 27.828506 ], [ -82.818065, 27.82869 ], [ -82.820378, 27.830778 ], [ -82.826531, 27.833553 ], [ -82.832798, 27.834427 ], [ -82.83809, 27.841328 ], [ -82.838214, 27.843924 ], [ -82.840087, 27.84399 ], [ -82.84188, 27.843581 ], [ -82.846036, 27.843603 ] ] ] } },
{ "type": "Feature", "properties": { "tract_geoid": "12103027802", "tract_name": "278.02", "land_area": 1487525, "water_area": 2765683 }, "geometry": { "type": "Polygon", "coordinates": [ [ [ -82.795645, 27.795461 ], [ -82.803086, 27.795674 ], [ -82.793653, 27.788302 ], [ -82.78776, 27.779987 ], [ -82.782352, 27.783184 ], [ -82.770701, 27.796038 ], [ -82.783079, 27.804685 ], [ -82.790752, 27.803912 ], [ -82.792246, 27.800578 ], [ -82.793139, 27.799198 ], [ -82.793581, 27.797711 ], [ -82.795645, 27.795461 ] ] ] } },
{ "type": "Feature", "properties": { "tract_geoid": "12103028002", "tract_name": "280.02", "land_area": 2624983, "water_area": 4867049 }, "geometry": { "type": "Polygon", "coordinates": [ [ [ -82.746541, 27.722065 ], [ -82.744832, 27.71803 ], [ -82.74381, 27.714722 ], [ -82.743088, 27.711234 ], [ -82.742569, 27.705572 ], [ -82.742163, 27.697388 ], [ -82.742759, 27.68325 ], [ -82.742832, 27.676562 ], [ -82.733987, 27.67919 ], [ -82.731411, 27.694305 ], [ -82.724695, 27.698086 ], [ -82.725311, 27.69926 ], [ -82.724436, 27.706217 ], [ -82.724681, 27.707417 ], [ -82.724112, 27.707953 ], [ -82.723835, 27.708905 ], [ -82.723167, 27.713447 ], [ -82.723311, 27.71506 ], [ -82.72467, 27.719299 ], [ -82.724139, 27.721517 ], [ -82.725665, 27.724644 ], [ -82.733335, 27.72089 ], [ -82.734218, 27.72112 ], [ -82.735148, 27.720699 ], [ -82.739865, 27.720792 ], [ -82.741405, 27.725396 ], [ -82.742955, 27.724509 ], [ -82.746541, 27.722065 ] ] ] } },
{ "type": "Feature", "properties": { "tract_geoid": "12103028004", "tract_name": "280.04", "land_area": 920190, "water_area": 417177 }, "geometry": { "type": "Polygon", "coordinates": [ [ [ -82.761715, 27.758437 ], [ -82.758994, 27.74924 ], [ -82.757582, 27.746676 ], [ -82.755369, 27.741927 ], [ -82.75498, 27.741579 ], [ -82.754495, 27.740649 ], [ -82.747079, 27.744642 ], [ -82.746141, 27.746148 ], [ -82.748319, 27.746799 ], [ -82.750296, 27.748597 ], [ -82.753105, 27.752536 ], [ -82.753359, 27.75266 ], [ -82.754097, 27.75362 ], [ -82.756509, 27.757325 ], [ -82.757532, 27.759265 ], [ -82.757592, 27.759043 ], [ -82.761715, 27.758437 ] ] ] } },
{ "type": "Feature", "properties": { "tract_geoid": "12103020208", "tract_name": "202.08", "land_area": 1280989, "water_area": 37569 }, "geometry": { "type": "Polygon", "coordinates": [ [ [ -82.662884, 27.719336 ], [ -82.662855, 27.711973 ], [ -82.646362, 27.712145 ], [ -82.646413, 27.719434 ], [ -82.662884, 27.719336 ] ] ] } },
{ "type": "Feature", "properties": { "tract_geoid": "12103024409", "tract_name": "244.09", "land_area": 3553307, "water_area": 1610247 }, "geometry": { "type": "Polygon", "coordinates": [ [ [ -82.634672, 27.843076 ], [ -82.634567, 27.828493 ], [ -82.617192, 27.828603 ], [ -82.616279, 27.828843 ], [ -82.615264, 27.829536 ], [ -82.614586, 27.829799 ], [ -82.608801, 27.829828 ], [ -82.603719, 27.830503 ], [ -82.605351, 27.838489 ], [ -82.607633, 27.841054 ], [ -82.609746, 27.842833 ], [ -82.611067, 27.843217 ], [ -82.614652, 27.843438 ], [ -82.617708, 27.850398 ], [ -82.62069, 27.84893 ], [ -82.629049, 27.843688 ], [ -82.63031, 27.844154 ], [ -82.634203, 27.844104 ], [ -82.63423, 27.843726 ], [ -82.634672, 27.843076 ] ] ] } },
{ "type": "Feature", "properties": { "tract_geoid": "12103024410", "tract_name": "244.10", "land_area": 1901398, "water_area": 24938 }, "geometry": { "type": "Polygon", "coordinates": [ [ [ -82.646986, 27.86267 ], [ -82.646952, 27.842915 ], [ -82.646561, 27.842721 ], [ -82.638724, 27.842795 ], [ -82.638815, 27.864946 ], [ -82.640978, 27.864911 ], [ -82.643147, 27.864507 ], [ -82.644408, 27.864036 ], [ -82.646986, 27.86267 ] ] ] } },
{ "type": "Feature", "properties": { "tract_geoid": "12103023200", "tract_name": "232", "land_area": 1311887, "water_area": 0 }, "geometry": { "type": "Polygon", "coordinates": [ [ [ -82.655015, 27.806587 ], [ -82.654924, 27.792035 ], [ -82.646701, 27.792095 ], [ -82.646759, 27.806934 ], [ -82.648736, 27.806617 ], [ -82.655015, 27.806587 ] ] ] } },
{ "type": "Feature", "properties": { "tract_geoid": "12103023300", "tract_name": "233", "land_area": 1057062, "water_area": 0 }, "geometry": { "type": "Polygon", "coordinates": [ [ [ -82.660854, 27.786533 ], [ -82.659948, 27.784738 ], [ -82.651834, 27.784786 ], [ -82.651817, 27.785254 ], [ -82.646743, 27.785291 ], [ -82.646701, 27.792095 ], [ -82.660331, 27.791949 ], [ -82.660361, 27.788438 ], [ -82.660854, 27.786533 ] ] ] } },
{ "type": "Feature", "properties": { "tract_geoid": "12103023400", "tract_name": "234", "land_area": 1188152, "water_area": 16184 }, "geometry": { "type": "Polygon", "coordinates": [ [ [ -82.661362, 27.784698 ], [ -82.661257, 27.783082 ], [ -82.658975, 27.776562 ], [ -82.656075, 27.777176 ], [ -82.653716, 27.777341 ], [ -82.64828, 27.776733 ], [ -82.646701, 27.776866 ], [ -82.646743, 27.785291 ], [ -82.651817, 27.785254 ], [ -82.651834, 27.784786 ], [ -82.659948, 27.784738 ], [ -82.660854, 27.786533 ], [ -82.661362, 27.784698 ] ] ] } },
{ "type": "Feature", "properties": { "tract_geoid": "12103023700", "tract_name": "237", "land_area": 1166292, "water_area": 537490 }, "geometry": { "type": "Polygon", "coordinates": [ [ [ -82.638518, 27.784877 ], [ -82.625129, 27.784942 ], [ -82.62324, 27.785292 ], [ -82.607976, 27.785242 ], [ -82.604118, 27.787884 ], [ -82.61952, 27.787904 ], [ -82.620835, 27.788935 ], [ -82.622279, 27.789154 ], [ -82.622548, 27.789432 ], [ -82.623238, 27.789647 ], [ -82.626333, 27.792214 ], [ -82.626902, 27.792048 ], [ -82.628787, 27.792422 ], [ -82.629023, 27.792189 ], [ -82.638545, 27.792117 ], [ -82.638518, 27.784877 ] ] ] } },
{ "type": "Feature", "properties": { "tract_geoid": "12103023800", "tract_name": "238", "land_area": 1153268, "water_area": 92868 }, "geometry": { "type": "Polygon", "coordinates": [ [ [ -82.646701, 27.792095 ], [ -82.629023, 27.792189 ], [ -82.628787, 27.792422 ], [ -82.626846, 27.792096 ], [ -82.627604, 27.792642 ], [ -82.629095, 27.792976 ], [ -82.629312, 27.793463 ], [ -82.630858, 27.794369 ], [ -82.631705, 27.796 ], [ -82.632143, 27.79623 ], [ -82.632348, 27.798571 ], [ -82.63202, 27.799704 ], [ -82.633123, 27.799403 ], [ -82.64673, 27.79937 ], [ -82.646701, 27.792095 ] ] ] } },
{ "type": "Feature", "properties": { "tract_geoid": "12103023900", "tract_name": "239", "land_area": 1291595, "water_area": 27129 }, "geometry": { "type": "Polygon", "coordinates": [ [ [ -82.64673, 27.79937 ], [ -82.633123, 27.799403 ], [ -82.63202, 27.799704 ], [ -82.630384, 27.801006 ], [ -82.630361, 27.806711 ], [ -82.634483, 27.806706 ], [ -82.634449, 27.808521 ], [ -82.635473, 27.808194 ], [ -82.636481, 27.807107 ], [ -82.637162, 27.806734 ], [ -82.644791, 27.806685 ], [ -82.646759, 27.806934 ], [ -82.64673, 27.79937 ] ] ] } },
{ "type": "Feature", "properties": { "tract_geoid": "12103024001", "tract_name": "240.01", "land_area": 2593157, "water_area": 1948693 }, "geometry": { "type": "Polygon", "coordinates": [ [ [ -82.632348, 27.798571 ], [ -82.632143, 27.79623 ], [ -82.631705, 27.796 ], [ -82.630858, 27.794369 ], [ -82.629312, 27.793463 ], [ -82.629095, 27.792976 ], [ -82.627604, 27.792642 ], [ -82.626846, 27.792096 ], [ -82.626333, 27.792214 ], [ -82.623238, 27.789647 ], [ -82.622548, 27.789432 ], [ -82.622279, 27.789154 ], [ -82.620835, 27.788935 ], [ -82.61952, 27.787904 ], [ -82.604118, 27.787884 ], [ -82.601775, 27.78949 ], [ -82.598238, 27.794191 ], [ -82.597171, 27.79733 ], [ -82.603288, 27.79724 ], [ -82.606956, 27.799346 ], [ -82.608538, 27.800682 ], [ -82.608996, 27.802476 ], [ -82.61, 27.804403 ], [ -82.611739, 27.80466 ], [ -82.611821, 27.805128 ], [ -82.612153, 27.805456 ], [ -82.61398, 27.805874 ], [ -82.614782, 27.805759 ], [ -82.615777, 27.805333 ], [ -82.616372, 27.80466 ], [ -82.616874, 27.804471 ], [ -82.617226, 27.803349 ], [ -82.618012, 27.802989 ], [ -82.622311, 27.803023 ], [ -82.624727, 27.804147 ], [ -82.626958, 27.803559 ], [ -82.627574, 27.803561 ], [ -82.627562, 27.803114 ], [ -82.630364, 27.803104 ], [ -82.630384, 27.801006 ], [ -82.63202, 27.799704 ], [ -82.632348, 27.798571 ] ] ] } },
{ "type": "Feature", "properties": { "tract_geoid": "12103024002", "tract_name": "240.02", "land_area": 2880504, "water_area": 512395 }, "geometry": { "type": "Polygon", "coordinates": [ [ [ -82.634542, 27.821176 ], [ -82.634483, 27.806706 ], [ -82.630361, 27.806711 ], [ -82.630364, 27.803104 ], [ -82.627562, 27.803114 ], [ -82.627574, 27.803561 ], [ -82.626958, 27.803559 ], [ -82.624727, 27.804147 ], [ -82.622311, 27.803023 ], [ -82.618012, 27.802989 ], [ -82.617226, 27.803349 ], [ -82.616874, 27.804471 ], [ -82.616372, 27.80466 ], [ -82.61584, 27.805934 ], [ -82.615618, 27.808592 ], [ -82.615865, 27.808847 ], [ -82.615867, 27.811707 ], [ -82.616215, 27.815755 ], [ -82.615963, 27.816235 ], [ -82.616069, 27.817382 ], [ -82.617881, 27.819676 ], [ -82.619962, 27.821254 ], [ -82.621979, 27.82138 ], [ -82.624998, 27.821252 ], [ -82.63336, 27.821315 ], [ -82.634542, 27.821176 ] ] ] } },
{ "type": "Feature", "properties": { "tract_geoid": "12103024004", "tract_name": "240.04", "land_area": 3169300, "water_area": 3162051 }, "geometry": { "type": "Polygon", "coordinates": [ [ [ -82.627188, 27.821316 ], [ -82.621979, 27.82138 ], [ -82.619962, 27.821254 ], [ -82.617881, 27.819676 ], [ -82.616069, 27.817382 ], [ -82.615963, 27.816235 ], [ -82.616215, 27.815755 ], [ -82.615899, 27.811211 ], [ -82.614288, 27.811203 ], [ -82.613626, 27.811524 ], [ -82.611702, 27.812777 ], [ -82.61003, 27.814195 ], [ -82.609798, 27.814464 ], [ -82.609882, 27.814608 ], [ -82.609588, 27.815562 ], [ -82.60973, 27.816246 ], [ -82.610572, 27.81697 ], [ -82.610621, 27.817521 ], [ -82.609367, 27.818136 ], [ -82.60891, 27.81865 ], [ -82.60783, 27.818098 ], [ -82.607667, 27.818869 ], [ -82.60727, 27.819602 ], [ -82.606305, 27.82085 ], [ -82.605869, 27.820677 ], [ -82.604741, 27.821038 ], [ -82.600345, 27.810318 ], [ -82.600965, 27.809074 ], [ -82.592442, 27.804001 ], [ -82.578793, 27.823518 ], [ -82.591131, 27.823631 ], [ -82.59429, 27.824182 ], [ -82.596289, 27.824748 ], [ -82.599067, 27.826175 ], [ -82.603719, 27.830503 ], [ -82.608801, 27.829828 ], [ -82.614586, 27.829799 ], [ -82.615264, 27.829536 ], [ -82.616279, 27.828843 ], [ -82.617192, 27.828603 ], [ -82.623524, 27.828527 ], [ -82.623468, 27.824932 ], [ -82.627317, 27.824898 ], [ -82.627188, 27.821316 ] ] ] } },
{ "type": "Feature", "properties": { "tract_geoid": "12103023000", "tract_name": "230", "land_area": 1476125, "water_area": 0 }, "geometry": { "type": "Polygon", "coordinates": [ [ [ -82.678777, 27.808363 ], [ -82.671361, 27.801791 ], [ -82.667404, 27.798074 ], [ -82.665607, 27.795755 ], [ -82.663631, 27.791957 ], [ -82.660331, 27.791949 ], [ -82.66074, 27.794477 ], [ -82.662114, 27.797724 ], [ -82.662551, 27.799156 ], [ -82.662478, 27.801685 ], [ -82.662088, 27.80588 ], [ -82.662467, 27.807598 ], [ -82.662942, 27.808778 ], [ -82.663994, 27.808363 ], [ -82.678777, 27.808363 ] ] ] } },
{ "type": "Feature", "properties": { "tract_geoid": "12103024301", "tract_name": "243.01", "land_area": 1866999, "water_area": 54007 }, "geometry": { "type": "Polygon", "coordinates": [ [ [ -82.655053, 27.842957 ], [ -82.655011, 27.82114 ], [ -82.646833, 27.821195 ], [ -82.646952, 27.842915 ], [ -82.655053, 27.842957 ] ] ] } },
{ "type": "Feature", "properties": { "tract_geoid": "12103024906", "tract_name": "249.06", "land_area": 1899827, "water_area": 17112 }, "geometry": { "type": "Polygon", "coordinates": [ [ [ -82.716457, 27.845084 ], [ -82.715704, 27.844219 ], [ -82.715679, 27.839182 ], [ -82.699959, 27.839244 ], [ -82.70012, 27.850168 ], [ -82.716512, 27.85013 ], [ -82.716457, 27.845084 ] ] ] } },
{ "type": "Feature", "properties": { "tract_geoid": "12103025602", "tract_name": "256.02", "land_area": 1590821, "water_area": 37999 }, "geometry": { "type": "Polygon", "coordinates": [ [ [ -82.800607, 27.920414 ], [ -82.787728, 27.920341 ], [ -82.787499, 27.933281 ], [ -82.791585, 27.933316 ], [ -82.791601, 27.931387 ], [ -82.792947, 27.93136 ], [ -82.793449, 27.933229 ], [ -82.795668, 27.933233 ], [ -82.795692, 27.931333 ], [ -82.799003, 27.931374 ], [ -82.799268, 27.928472 ], [ -82.800418, 27.928474 ], [ -82.800607, 27.920414 ] ] ] } },
{ "type": "Feature", "properties": { "tract_geoid": "12103025004", "tract_name": "250.04", "land_area": 4221592, "water_area": 437652 }, "geometry": { "type": "Polygon", "coordinates": [ [ [ -82.752037, 27.839137 ], [ -82.728528, 27.839167 ], [ -82.728879, 27.86463 ], [ -82.736191, 27.864744 ], [ -82.737281, 27.863203 ], [ -82.737283, 27.861459 ], [ -82.737721, 27.861008 ], [ -82.740174, 27.859701 ], [ -82.741173, 27.858933 ], [ -82.743792, 27.855684 ], [ -82.748679, 27.848305 ], [ -82.74965, 27.847422 ], [ -82.74975, 27.846995 ], [ -82.749438, 27.846145 ], [ -82.749447, 27.84575 ], [ -82.749791, 27.845117 ], [ -82.750337, 27.844825 ], [ -82.751359, 27.840915 ], [ -82.752037, 27.839137 ] ] ] } },
{ "type": "Feature", "properties": { "tract_geoid": "12103025013", "tract_name": "250.13", "land_area": 2047303, "water_area": 69233 }, "geometry": { "type": "Polygon", "coordinates": [ [ [ -82.762354, 27.855561 ], [ -82.762308, 27.840354 ], [ -82.762155, 27.839368 ], [ -82.752037, 27.839137 ], [ -82.751359, 27.840915 ], [ -82.750337, 27.844825 ], [ -82.749791, 27.845117 ], [ -82.749447, 27.84575 ], [ -82.749438, 27.846145 ], [ -82.74975, 27.846995 ], [ -82.74965, 27.847422 ], [ -82.748679, 27.848305 ], [ -82.745368, 27.853297 ], [ -82.746184, 27.853721 ], [ -82.747979, 27.855198 ], [ -82.749951, 27.853307 ], [ -82.750479, 27.853459 ], [ -82.751288, 27.853986 ], [ -82.757369, 27.854068 ], [ -82.757482, 27.852638 ], [ -82.757985, 27.852629 ], [ -82.760246, 27.853169 ], [ -82.760696, 27.853598 ], [ -82.760824, 27.854825 ], [ -82.761713, 27.854855 ], [ -82.761727, 27.855551 ], [ -82.762354, 27.855561 ] ] ] } },
{ "type": "Feature", "properties": { "tract_geoid": "12103025115", "tract_name": "251.15", "land_area": 1083725, "water_area": 274623 }, "geometry": { "type": "Polygon", "coordinates": [ [ [ -82.787042, 27.872735 ], [ -82.779502, 27.8726 ], [ -82.777988, 27.871882 ], [ -82.776972, 27.872319 ], [ -82.776756, 27.872941 ], [ -82.7764, 27.879351 ], [ -82.775924, 27.8846 ], [ -82.778683, 27.884906 ], [ -82.7812, 27.884898 ], [ -82.781238, 27.88366 ], [ -82.78709, 27.883747 ], [ -82.787042, 27.872735 ] ] ] } },
{ "type": "Feature", "properties": { "tract_geoid": "12103022902", "tract_name": "229.02", "land_area": 1684841, "water_area": 0 }, "geometry": { "type": "Polygon", "coordinates": [ [ [ -82.679472, 27.791871 ], [ -82.663631, 27.791957 ], [ -82.665607, 27.795755 ], [ -82.666739, 27.797332 ], [ -82.671361, 27.801791 ], [ -82.678777, 27.808363 ], [ -82.6795, 27.808504 ], [ -82.679472, 27.791871 ] ] ] } },
{ "type": "Feature", "properties": { "tract_geoid": "12103020201", "tract_name": "202.01", "land_area": 6192475, "water_area": 1614309 }, "geometry": { "type": "Polygon", "coordinates": [ [ [ -82.677721, 27.719206 ], [ -82.646413, 27.719434 ], [ -82.646396, 27.725297 ], [ -82.645219, 27.726498 ], [ -82.644529, 27.728124 ], [ -82.644451, 27.728806 ], [ -82.644599, 27.729333 ], [ -82.646475, 27.731828 ], [ -82.646532, 27.741215 ], [ -82.648412, 27.741205 ], [ -82.648468, 27.741359 ], [ -82.648325, 27.742893 ], [ -82.647749, 27.743647 ], [ -82.649048, 27.742861 ], [ -82.650477, 27.742547 ], [ -82.654855, 27.742713 ], [ -82.656369, 27.742494 ], [ -82.657977, 27.742505 ], [ -82.658639, 27.742395 ], [ -82.659059, 27.742098 ], [ -82.661743, 27.741812 ], [ -82.662226, 27.741369 ], [ -82.662977, 27.742427 ], [ -82.663396, 27.74108 ], [ -82.664142, 27.741664 ], [ -82.665459, 27.742286 ], [ -82.668328, 27.742517 ], [ -82.671139, 27.742521 ], [ -82.671143, 27.744746 ], [ -82.677039, 27.744724 ], [ -82.675848, 27.739042 ], [ -82.675756, 27.736766 ], [ -82.67603, 27.734549 ], [ -82.677139, 27.729032 ], [ -82.677329, 27.723637 ], [ -82.677483, 27.722916 ], [ -82.677249, 27.721168 ], [ -82.677349, 27.720204 ], [ -82.677721, 27.719206 ] ] ] } },
{ "type": "Feature", "properties": { "tract_geoid": "12103024905", "tract_name": "249.05", "land_area": 2503206, "water_area": 67206 }, "geometry": { "type": "Polygon", "coordinates": [ [ [ -82.716512, 27.85013 ], [ -82.70012, 27.850168 ], [ -82.700196, 27.862555 ], [ -82.701892, 27.864907 ], [ -82.702608, 27.864599 ], [ -82.70395, 27.864557 ], [ -82.716558, 27.864642 ], [ -82.716512, 27.85013 ] ] ] } },
{ "type": "Feature", "properties": { "tract_geoid": "12103024412", "tract_name": "244.12", "land_area": 9777260, "water_area": 665548 }, "geometry": { "type": "Polygon", "coordinates": [ [ [ -82.673631, 27.89379 ], [ -82.673422, 27.893301 ], [ -82.673248, 27.890343 ], [ -82.672831, 27.889407 ], [ -82.671679, 27.888171 ], [ -82.669101, 27.886256 ], [ -82.671333, 27.883746 ], [ -82.671594, 27.882845 ], [ -82.671424, 27.849241 ], [ -82.659249, 27.854555 ], [ -82.656306, 27.856074 ], [ -82.653134, 27.857896 ], [ -82.646986, 27.86267 ], [ -82.647041, 27.882964 ], [ -82.646921, 27.889731 ], [ -82.646804, 27.890631 ], [ -82.646305, 27.891914 ], [ -82.644976, 27.893527 ], [ -82.645838, 27.893405 ], [ -82.650615, 27.89383 ], [ -82.673631, 27.89379 ] ] ] } },
{ "type": "Feature", "properties": { "tract_geoid": "12103024413", "tract_name": "244.13", "land_area": 2436733, "water_area": 123621 }, "geometry": { "type": "Polygon", "coordinates": [ [ [ -82.663717, 27.852604 ], [ -82.663466, 27.842876 ], [ -82.650838, 27.84302 ], [ -82.646952, 27.842915 ], [ -82.646986, 27.86267 ], [ -82.653134, 27.857896 ], [ -82.659249, 27.854555 ], [ -82.663717, 27.852604 ] ] ] } },
{ "type": "Feature", "properties": { "tract_geoid": "12103024509", "tract_name": "245.09", "land_area": 11872050, "water_area": 26178104 }, "geometry": { "type": "Polygon", "coordinates": [ [ [ -82.700877, 27.910272 ], [ -82.700627, 27.907148 ], [ -82.700374, 27.893891 ], [ -82.650615, 27.89383 ], [ -82.64532, 27.893459 ], [ -82.644976, 27.893527 ], [ -82.639009, 27.899973 ], [ -82.633679, 27.905326 ], [ -82.630772, 27.907845 ], [ -82.625604, 27.911645 ], [ -82.621657, 27.914143 ], [ -82.617503, 27.916373 ], [ -82.609096, 27.91992 ], [ -82.587286, 27.927713 ], [ -82.587819, 27.928299 ], [ -82.597219, 27.935199 ], [ -82.599519, 27.936299 ], [ -82.693428, 27.936908 ], [ -82.694317, 27.928295 ], [ -82.695361, 27.922699 ], [ -82.69551, 27.922471 ], [ -82.696262, 27.922715 ], [ -82.697853, 27.922853 ], [ -82.698369, 27.923293 ], [ -82.69822, 27.922351 ], [ -82.698271, 27.921141 ], [ -82.699947, 27.916188 ], [ -82.700877, 27.910272 ] ] ] } },
{ "type": "Feature", "properties": { "tract_geoid": "12103024514", "tract_name": "245.14", "land_area": 3860407, "water_area": 152144 }, "geometry": { "type": "Polygon", "coordinates": [ [ [ -82.729642, 27.916301 ], [ -82.72921, 27.908807 ], [ -82.729426, 27.90881 ], [ -82.729297, 27.907359 ], [ -82.729429, 27.907132 ], [ -82.729227, 27.905584 ], [ -82.728993, 27.899916 ], [ -82.728933, 27.893677 ], [ -82.712596, 27.893884 ], [ -82.712518, 27.894762 ], [ -82.712229, 27.895633 ], [ -82.712221, 27.896647 ], [ -82.712604, 27.898035 ], [ -82.712653, 27.898837 ], [ -82.71277, 27.908703 ], [ -82.713587, 27.916182 ], [ -82.729642, 27.916301 ] ] ] } },
{ "type": "Feature", "properties": { "tract_geoid": "12103024510", "tract_name": "245.10", "land_area": 2575129, "water_area": 98014 }, "geometry": { "type": "Polygon", "coordinates": [ [ [ -82.713587, 27.916182 ], [ -82.71277, 27.908703 ], [ -82.712653, 27.898837 ], [ -82.712604, 27.898035 ], [ -82.712221, 27.896647 ], [ -82.712229, 27.895633 ], [ -82.712518, 27.894762 ], [ -82.712596, 27.893884 ], [ -82.700374, 27.893891 ], [ -82.700627, 27.907148 ], [ -82.700877, 27.910272 ], [ -82.704006, 27.912151 ], [ -82.709344, 27.916126 ], [ -82.713587, 27.916182 ] ] ] } },
{ "type": "Feature", "properties": { "tract_geoid": "12103024702", "tract_name": "247.02", "land_area": 1335255, "water_area": 47347 }, "geometry": { "type": "Polygon", "coordinates": [ [ [ -82.700049, 27.808225 ], [ -82.69187, 27.808313 ], [ -82.691825, 27.813723 ], [ -82.684977, 27.813764 ], [ -82.68632, 27.81515 ], [ -82.692867, 27.821065 ], [ -82.699952, 27.821046 ], [ -82.700049, 27.808225 ] ] ] } },
{ "type": "Feature", "properties": { "tract_geoid": "12103024803", "tract_name": "248.03", "land_area": 1247097, "water_area": 35352 }, "geometry": { "type": "Polygon", "coordinates": [ [ [ -82.728484, 27.820951 ], [ -82.712271, 27.82101 ], [ -82.712337, 27.828255 ], [ -82.728462, 27.828245 ], [ -82.728484, 27.820951 ] ] ] } },
{ "type": "Feature", "properties": { "tract_geoid": "12103025017", "tract_name": "250.17", "land_area": 1364114, "water_area": 10945 }, "geometry": { "type": "Polygon", "coordinates": [ [ [ -82.753948, 27.813649 ], [ -82.736812, 27.813671 ], [ -82.736728, 27.821995 ], [ -82.738486, 27.820954 ], [ -82.75393, 27.820949 ], [ -82.753948, 27.813649 ] ] ] } },
{ "type": "Feature", "properties": { "tract_geoid": "12103025018", "tract_name": "250.18", "land_area": 1439107, "water_area": 10921 }, "geometry": { "type": "Polygon", "coordinates": [ [ [ -82.736905, 27.808196 ], [ -82.728597, 27.808174 ], [ -82.728471, 27.827538 ], [ -82.730519, 27.825655 ], [ -82.731471, 27.824554 ], [ -82.732403, 27.824367 ], [ -82.732523, 27.82369 ], [ -82.735517, 27.822677 ], [ -82.736728, 27.821995 ], [ -82.736905, 27.808196 ] ] ] } },
{ "type": "Feature", "properties": { "tract_geoid": "12103025019", "tract_name": "250.19", "land_area": 1590844, "water_area": 658943 }, "geometry": { "type": "Polygon", "coordinates": [ [ [ -82.764723, 27.818803 ], [ -82.763778, 27.813665 ], [ -82.763813, 27.808156 ], [ -82.753802, 27.80819 ], [ -82.753867, 27.810898 ], [ -82.753762, 27.811029 ], [ -82.753098, 27.810848 ], [ -82.753113, 27.81006 ], [ -82.74972, 27.810021 ], [ -82.74972, 27.808201 ], [ -82.736905, 27.808196 ], [ -82.736812, 27.813671 ], [ -82.753948, 27.813649 ], [ -82.753943, 27.820026 ], [ -82.754493, 27.820435 ], [ -82.755815, 27.819905 ], [ -82.757865, 27.819884 ], [ -82.757995, 27.820395 ], [ -82.758733, 27.820877 ], [ -82.760923, 27.820703 ], [ -82.764723, 27.818803 ] ] ] } },
{ "type": "Feature", "properties": { "tract_geoid": "12103027603", "tract_name": "276.03", "land_area": 1229795, "water_area": 1724669 }, "geometry": { "type": "Polygon", "coordinates": [ [ [ -82.854445, 27.894531 ], [ -82.849973, 27.894433 ], [ -82.849011, 27.894238 ], [ -82.845517, 27.894374 ], [ -82.844971, 27.8939 ], [ -82.843387, 27.894183 ], [ -82.842793, 27.89409 ], [ -82.842813, 27.894278 ], [ -82.83805, 27.894157 ], [ -82.836705, 27.898859 ], [ -82.836901, 27.898808 ], [ -82.833534, 27.909694 ], [ -82.846739, 27.90977 ], [ -82.852143, 27.910014 ], [ -82.854445, 27.894531 ] ] ] } },
{ "type": "Feature", "properties": { "tract_geoid": "12103027605", "tract_name": "276.05", "land_area": 1388657, "water_area": 4125692 }, "geometry": { "type": "Polygon", "coordinates": [ [ [ -82.850119, 27.909894 ], [ -82.833534, 27.909694 ], [ -82.832491, 27.91299 ], [ -82.822297, 27.93642 ], [ -82.843456, 27.93649 ], [ -82.84501, 27.931815 ], [ -82.850119, 27.909894 ] ] ] } },
{ "type": "Feature", "properties": { "tract_geoid": "12103027606", "tract_name": "276.06", "land_area": 958073, "water_area": 1529277 }, "geometry": { "type": "Polygon", "coordinates": [ [ [ -82.85579, 27.883395 ], [ -82.855548, 27.873995 ], [ -82.855231, 27.872299 ], [ -82.852929, 27.872373 ], [ -82.852923, 27.87162 ], [ -82.849316, 27.871652 ], [ -82.849561, 27.872276 ], [ -82.849771, 27.87723 ], [ -82.847657, 27.881098 ], [ -82.843487, 27.885429 ], [ -82.841475, 27.889185 ], [ -82.83805, 27.894157 ], [ -82.842813, 27.894278 ], [ -82.842793, 27.89409 ], [ -82.843387, 27.894183 ], [ -82.844971, 27.8939 ], [ -82.845517, 27.894374 ], [ -82.849011, 27.894238 ], [ -82.849973, 27.894433 ], [ -82.854445, 27.894531 ], [ -82.85579, 27.883395 ] ] ] } },
{ "type": "Feature", "properties": { "tract_geoid": "12103020209", "tract_name": "202.09", "land_area": 1918034, "water_area": 605893 }, "geometry": { "type": "Polygon", "coordinates": [ [ [ -82.663368, 27.707567 ], [ -82.663338, 27.704713 ], [ -82.660789, 27.704757 ], [ -82.660618, 27.698163 ], [ -82.652745, 27.696341 ], [ -82.64621, 27.698047 ], [ -82.646362, 27.712145 ], [ -82.662855, 27.711973 ], [ -82.662871, 27.708353 ], [ -82.663236, 27.708351 ], [ -82.663368, 27.707567 ] ] ] } },
{ "type": "Feature", "properties": { "tract_geoid": "12103020206", "tract_name": "202.06", "land_area": 1480510, "water_area": 220218 }, "geometry": { "type": "Polygon", "coordinates": [ [ [ -82.679342, 27.708931 ], [ -82.670162, 27.709012 ], [ -82.669059, 27.709202 ], [ -82.668093, 27.7097 ], [ -82.665721, 27.711607 ], [ -82.664826, 27.711898 ], [ -82.662855, 27.711973 ], [ -82.662884, 27.719336 ], [ -82.677721, 27.719206 ], [ -82.679271, 27.716521 ], [ -82.679655, 27.715338 ], [ -82.679342, 27.708931 ] ] ] } },
{ "type": "Feature", "properties": { "tract_geoid": "12103024701", "tract_name": "247.01", "land_area": 1594761, "water_area": 21652 }, "geometry": { "type": "Polygon", "coordinates": [ [ [ -82.699952, 27.821046 ], [ -82.679533, 27.821076 ], [ -82.679625, 27.828343 ], [ -82.699915, 27.828308 ], [ -82.699952, 27.821046 ] ] ] } },
{ "type": "Feature", "properties": { "tract_geoid": "12103025208", "tract_name": "252.08", "land_area": 1086896, "water_area": 236597 }, "geometry": { "type": "Polygon", "coordinates": [ [ [ -82.845452, 27.88337 ], [ -82.842389, 27.881144 ], [ -82.840561, 27.880502 ], [ -82.832384, 27.880422 ], [ -82.832478, 27.889068 ], [ -82.832365, 27.891283 ], [ -82.835139, 27.892287 ], [ -82.835891, 27.892933 ], [ -82.836409, 27.892918 ], [ -82.838125, 27.893899 ], [ -82.841475, 27.889185 ], [ -82.843487, 27.885429 ], [ -82.845452, 27.88337 ] ] ] } },
{ "type": "Feature", "properties": { "tract_geoid": "12103027604", "tract_name": "276.04", "land_area": 1323655, "water_area": 5512112 }, "geometry": { "type": "Polygon", "coordinates": [ [ [ -82.843451, 27.936508 ], [ -82.822297, 27.93642 ], [ -82.81968, 27.942437 ], [ -82.815311, 27.949883 ], [ -82.81388, 27.952695 ], [ -82.816501, 27.952709 ], [ -82.811225, 27.960597 ], [ -82.820848, 27.964038 ], [ -82.82274, 27.962925 ], [ -82.825964, 27.965755 ], [ -82.828306, 27.966551 ], [ -82.837795, 27.966341 ], [ -82.834877, 27.961145 ], [ -82.834933, 27.957777 ], [ -82.835606, 27.955419 ], [ -82.837234, 27.951266 ], [ -82.842905, 27.94075 ], [ -82.843451, 27.936508 ] ] ] } },
{ "type": "Feature", "properties": { "tract_geoid": "12103024703", "tract_name": "247.03", "land_area": 1463341, "water_area": 14733 }, "geometry": { "type": "Polygon", "coordinates": [ [ [ -82.692867, 27.821065 ], [ -82.68632, 27.81515 ], [ -82.684977, 27.813764 ], [ -82.691825, 27.813723 ], [ -82.69187, 27.808313 ], [ -82.679939, 27.808313 ], [ -82.6795, 27.808504 ], [ -82.679533, 27.821076 ], [ -82.692867, 27.821065 ] ] ] } },
{ "type": "Feature", "properties": { "tract_geoid": "12103022402", "tract_name": "224.02", "land_area": 4870913, "water_area": 2879006 }, "geometry": { "type": "Polygon", "coordinates": [ [ [ -82.771492, 27.796695 ], [ -82.760777, 27.789104 ], [ -82.753884, 27.775801 ], [ -82.746898, 27.777283 ], [ -82.746939, 27.778013 ], [ -82.745974, 27.778261 ], [ -82.746024, 27.778531 ], [ -82.745897, 27.77858 ], [ -82.746184, 27.77916 ], [ -82.745156, 27.780027 ], [ -82.744855, 27.780868 ], [ -82.743979, 27.780924 ], [ -82.743229, 27.781642 ], [ -82.737535, 27.781612 ], [ -82.73753, 27.78091 ], [ -82.73672, 27.7809 ], [ -82.737108, 27.797709 ], [ -82.737352, 27.798895 ], [ -82.737662, 27.79954 ], [ -82.739087, 27.800942 ], [ -82.753516, 27.809476 ], [ -82.753859, 27.809621 ], [ -82.753802, 27.80819 ], [ -82.764839, 27.808146 ], [ -82.764808, 27.803742 ], [ -82.765323, 27.80009 ], [ -82.771492, 27.796695 ] ] ] } },
{ "type": "Feature", "properties": { "tract_geoid": "12103020400", "tract_name": "204", "land_area": 1377502, "water_area": 1069856 }, "geometry": { "type": "Polygon", "coordinates": [ [ [ -82.638595, 27.741256 ], [ -82.637861, 27.741611 ], [ -82.635865, 27.741463 ], [ -82.63242, 27.741706 ], [ -82.630724, 27.74269 ], [ -82.626746, 27.742463 ], [ -82.621663, 27.742518 ], [ -82.620798, 27.743237 ], [ -82.620428, 27.744634 ], [ -82.620962, 27.747059 ], [ -82.621825, 27.749731 ], [ -82.624298, 27.753694 ], [ -82.624183, 27.756104 ], [ -82.628925, 27.756157 ], [ -82.630634, 27.756038 ], [ -82.63079, 27.755846 ], [ -82.633649, 27.755817 ], [ -82.635722, 27.754795 ], [ -82.636654, 27.754609 ], [ -82.636934, 27.754637 ], [ -82.63693, 27.755787 ], [ -82.638506, 27.755682 ], [ -82.638595, 27.741256 ] ] ] } },
{ "type": "Feature", "properties": { "tract_geoid": "12103020500", "tract_name": "205", "land_area": 1583123, "water_area": 16218 }, "geometry": { "type": "Polygon", "coordinates": [ [ [ -82.646532, 27.741215 ], [ -82.64129, 27.741253 ], [ -82.640652, 27.741024 ], [ -82.640498, 27.741263 ], [ -82.638595, 27.741256 ], [ -82.638443, 27.759429 ], [ -82.646598, 27.759398 ], [ -82.646532, 27.741215 ] ] ] } },
{ "type": "Feature", "properties": { "tract_geoid": "12103020600", "tract_name": "206", "land_area": 1750692, "water_area": 0 }, "geometry": { "type": "Polygon", "coordinates": [ [ [ -82.663067, 27.751912 ], [ -82.663047, 27.748584 ], [ -82.662915, 27.748393 ], [ -82.662977, 27.742427 ], [ -82.662226, 27.741369 ], [ -82.661743, 27.741812 ], [ -82.659059, 27.742098 ], [ -82.658639, 27.742395 ], [ -82.657977, 27.742505 ], [ -82.656369, 27.742494 ], [ -82.654855, 27.742713 ], [ -82.650477, 27.742547 ], [ -82.649048, 27.742861 ], [ -82.647793, 27.743664 ], [ -82.648461, 27.742448 ], [ -82.648412, 27.741205 ], [ -82.646532, 27.741215 ], [ -82.646588, 27.752083 ], [ -82.662167, 27.75204 ], [ -82.663067, 27.751912 ] ] ] } },
{ "type": "Feature", "properties": { "tract_geoid": "12103020700", "tract_name": "207", "land_area": 1893525, "water_area": 13783 }, "geometry": { "type": "Polygon", "coordinates": [ [ [ -82.677039, 27.744724 ], [ -82.671143, 27.744746 ], [ -82.671139, 27.742521 ], [ -82.668328, 27.742517 ], [ -82.665459, 27.742286 ], [ -82.664142, 27.741664 ], [ -82.663396, 27.74108 ], [ -82.662911, 27.742877 ], [ -82.663067, 27.751912 ], [ -82.662941, 27.752026 ], [ -82.662975, 27.755693 ], [ -82.676762, 27.75562 ], [ -82.676968, 27.754992 ], [ -82.677145, 27.752913 ], [ -82.677039, 27.744724 ] ] ] } },
{ "type": "Feature", "properties": { "tract_geoid": "12103020800", "tract_name": "208", "land_area": 2543982, "water_area": 16455 }, "geometry": { "type": "Polygon", "coordinates": [ [ [ -82.69971, 27.751936 ], [ -82.677139, 27.752004 ], [ -82.676968, 27.754992 ], [ -82.676497, 27.756294 ], [ -82.676371, 27.757394 ], [ -82.679404, 27.757385 ], [ -82.679415, 27.762842 ], [ -82.695433, 27.762858 ], [ -82.695755, 27.762662 ], [ -82.699808, 27.762732 ], [ -82.69971, 27.751936 ] ] ] } },
{ "type": "Feature", "properties": { "tract_geoid": "12103021200", "tract_name": "212", "land_area": 1302577, "water_area": 0 }, "geometry": { "type": "Polygon", "coordinates": [ [ [ -82.662975, 27.755693 ], [ -82.662941, 27.752026 ], [ -82.646588, 27.752083 ], [ -82.646666, 27.763053 ], [ -82.654792, 27.762977 ], [ -82.654769, 27.755674 ], [ -82.662975, 27.755693 ] ] ] } },
{ "type": "Feature", "properties": { "tract_geoid": "12103020106", "tract_name": "201.06", "land_area": 8118093, "water_area": 39190753 }, "geometry": { "type": "Polygon", "coordinates": [ [ [ -82.747044, 27.640752 ], [ -82.746943, 27.637908 ], [ -82.746343, 27.636843 ], [ -82.745373, 27.635628 ], [ -82.744049, 27.634619 ], [ -82.742069, 27.633896 ], [ -82.739757, 27.630652 ], [ -82.736845, 27.625201 ], [ -82.736981, 27.619761 ], [ -82.738412, 27.61449 ], [ -82.73858, 27.613333 ], [ -82.737778, 27.611321 ], [ -82.736701, 27.610648 ], [ -82.735592, 27.610437 ], [ -82.734407, 27.610506 ], [ -82.733209, 27.611378 ], [ -82.73247, 27.612245 ], [ -82.731729, 27.612784 ], [ -82.72924, 27.61418 ], [ -82.725593, 27.615778 ], [ -82.72282, 27.616557 ], [ -82.720111, 27.617715 ], [ -82.714895, 27.619539 ], [ -82.711278, 27.621658 ], [ -82.705438, 27.623916 ], [ -82.704601, 27.624522 ], [ -82.702979, 27.626473 ], [ -82.702368, 27.627721 ], [ -82.701894, 27.628253 ], [ -82.700393, 27.630747 ], [ -82.699845, 27.63199 ], [ -82.699759, 27.632921 ], [ -82.696538, 27.639062 ], [ -82.696536, 27.645803 ], [ -82.693064, 27.646062 ], [ -82.689014, 27.646671 ], [ -82.684937, 27.647632 ], [ -82.675701, 27.650643 ], [ -82.676367, 27.652306 ], [ -82.67681, 27.654693 ], [ -82.678599, 27.688769 ], [ -82.678912, 27.692591 ], [ -82.679106, 27.69278 ], [ -82.679286, 27.69504 ], [ -82.679546, 27.695332 ], [ -82.693862, 27.700105 ], [ -82.706238, 27.69924 ], [ -82.714942, 27.692739 ], [ -82.717364, 27.69113 ], [ -82.717417, 27.693123 ], [ -82.724191, 27.697139 ], [ -82.724695, 27.698086 ], [ -82.731411, 27.694305 ], [ -82.733987, 27.67919 ], [ -82.742832, 27.676562 ], [ -82.742663, 27.672767 ], [ -82.746035, 27.648748 ], [ -82.746066, 27.641693 ], [ -82.746627, 27.640811 ], [ -82.747044, 27.640752 ] ] ] } },
{ "type": "Feature", "properties": { "tract_geoid": "12103020302", "tract_name": "203.02", "land_area": 1666610, "water_area": 1506763 }, "geometry": { "type": "Polygon", "coordinates": [ [ [ -82.63782, 27.738306 ], [ -82.637164, 27.736503 ], [ -82.637081, 27.735002 ], [ -82.636483, 27.733737 ], [ -82.636637, 27.733591 ], [ -82.635378, 27.727608 ], [ -82.635241, 27.727614 ], [ -82.635161, 27.726358 ], [ -82.635019, 27.726093 ], [ -82.634035, 27.725722 ], [ -82.633131, 27.724076 ], [ -82.63272, 27.719707 ], [ -82.625006, 27.719783 ], [ -82.622318, 27.728031 ], [ -82.621702, 27.734894 ], [ -82.621663, 27.742518 ], [ -82.626746, 27.742463 ], [ -82.630724, 27.74269 ], [ -82.63242, 27.741706 ], [ -82.63652, 27.740306 ], [ -82.63782, 27.738306 ] ] ] } },
{ "type": "Feature", "properties": { "tract_geoid": "12103020202", "tract_name": "202.02", "land_area": 1998234, "water_area": 1460054 }, "geometry": { "type": "Polygon", "coordinates": [ [ [ -82.646413, 27.719434 ], [ -82.64621, 27.698047 ], [ -82.640981, 27.699457 ], [ -82.639368, 27.700177 ], [ -82.634423, 27.701917 ], [ -82.628997, 27.710433 ], [ -82.628089, 27.716886 ], [ -82.625006, 27.719783 ], [ -82.630602, 27.71976 ], [ -82.635635, 27.719451 ], [ -82.636252, 27.719535 ], [ -82.638211, 27.718544 ], [ -82.63822, 27.719499 ], [ -82.646413, 27.719434 ] ] ] } },
{ "type": "Feature", "properties": { "tract_geoid": "12103027901", "tract_name": "279.01", "land_area": 1889030, "water_area": 2977478 }, "geometry": { "type": "Polygon", "coordinates": [ [ [ -82.78776, 27.779987 ], [ -82.785603, 27.775173 ], [ -82.784469, 27.773273 ], [ -82.782943, 27.771443 ], [ -82.773616, 27.76356 ], [ -82.773234, 27.763067 ], [ -82.772097, 27.759002 ], [ -82.771461, 27.757537 ], [ -82.769471, 27.754247 ], [ -82.76773, 27.749299 ], [ -82.765279, 27.74468 ], [ -82.759288, 27.736919 ], [ -82.758828, 27.736514 ], [ -82.753924, 27.739568 ], [ -82.75498, 27.741579 ], [ -82.755369, 27.741927 ], [ -82.757582, 27.746676 ], [ -82.758994, 27.74924 ], [ -82.761715, 27.758437 ], [ -82.76238, 27.758214 ], [ -82.762931, 27.758315 ], [ -82.763365, 27.758615 ], [ -82.764428, 27.760324 ], [ -82.765537, 27.765954 ], [ -82.763544, 27.770781 ], [ -82.764108, 27.771351 ], [ -82.764521, 27.771369 ], [ -82.765853, 27.77199 ], [ -82.76691, 27.771709 ], [ -82.767183, 27.771966 ], [ -82.769025, 27.771612 ], [ -82.769392, 27.771404 ], [ -82.769713, 27.771515 ], [ -82.770659, 27.772477 ], [ -82.771142, 27.772753 ], [ -82.771315, 27.772637 ], [ -82.773287, 27.774712 ], [ -82.773287, 27.775003 ], [ -82.772848, 27.775905 ], [ -82.772514, 27.776103 ], [ -82.772374, 27.776482 ], [ -82.77286, 27.776263 ], [ -82.773008, 27.77651 ], [ -82.77341, 27.77657 ], [ -82.774796, 27.776159 ], [ -82.775649, 27.777276 ], [ -82.776026, 27.777551 ], [ -82.777016, 27.777705 ], [ -82.778444, 27.778762 ], [ -82.779149, 27.779895 ], [ -82.780961, 27.781601 ], [ -82.78028, 27.782206 ], [ -82.780329, 27.782597 ], [ -82.779921, 27.783119 ], [ -82.778061, 27.787915 ], [ -82.782352, 27.783184 ], [ -82.78776, 27.779987 ] ] ] } },
{ "type": "Feature", "properties": { "tract_geoid": "12103025011", "tract_name": "250.11", "land_area": 4678863, "water_area": 873033 }, "geometry": { "type": "Polygon", "coordinates": [ [ [ -82.778935, 27.865345 ], [ -82.770486, 27.865389 ], [ -82.769225, 27.866241 ], [ -82.768891, 27.865976 ], [ -82.768845, 27.865304 ], [ -82.768261, 27.865202 ], [ -82.762361, 27.86513 ], [ -82.762331, 27.872397 ], [ -82.758145, 27.872248 ], [ -82.745579, 27.872278 ], [ -82.745741, 27.888274 ], [ -82.74823, 27.888293 ], [ -82.748255, 27.886637 ], [ -82.74905, 27.886642 ], [ -82.749099, 27.885137 ], [ -82.752662, 27.885175 ], [ -82.753587, 27.884718 ], [ -82.753852, 27.885226 ], [ -82.753861, 27.886976 ], [ -82.753983, 27.887047 ], [ -82.762353, 27.88711 ], [ -82.762374, 27.883471 ], [ -82.771733, 27.883563 ], [ -82.773168, 27.883756 ], [ -82.775959, 27.883633 ], [ -82.7764, 27.879351 ], [ -82.776756, 27.872941 ], [ -82.777602, 27.869876 ], [ -82.778518, 27.86803 ], [ -82.778935, 27.865345 ] ] ] } },
{ "type": "Feature", "properties": { "tract_geoid": "12103025012", "tract_name": "250.12", "land_area": 3905048, "water_area": 145643 }, "geometry": { "type": "Polygon", "coordinates": [ [ [ -82.762354, 27.855561 ], [ -82.761727, 27.855551 ], [ -82.761713, 27.854855 ], [ -82.760824, 27.854825 ], [ -82.760696, 27.853598 ], [ -82.760246, 27.853169 ], [ -82.757633, 27.852587 ], [ -82.757461, 27.852716 ], [ -82.757369, 27.854068 ], [ -82.751288, 27.853986 ], [ -82.750479, 27.853459 ], [ -82.749951, 27.853307 ], [ -82.747979, 27.855198 ], [ -82.746184, 27.853721 ], [ -82.745368, 27.853297 ], [ -82.743792, 27.855684 ], [ -82.741173, 27.858933 ], [ -82.740174, 27.859701 ], [ -82.737721, 27.861008 ], [ -82.73737, 27.861425 ], [ -82.737624, 27.862255 ], [ -82.738797, 27.863879 ], [ -82.740183, 27.864875 ], [ -82.742272, 27.865849 ], [ -82.74415, 27.867704 ], [ -82.744705, 27.86857 ], [ -82.745427, 27.870427 ], [ -82.745579, 27.872278 ], [ -82.758145, 27.872248 ], [ -82.762331, 27.872397 ], [ -82.762354, 27.855561 ] ] ] } },
{ "type": "Feature", "properties": { "tract_geoid": "12103025014", "tract_name": "250.14", "land_area": 3663464, "water_area": 117944 }, "geometry": { "type": "Polygon", "coordinates": [ [ [ -82.754235, 27.834256 ], [ -82.75396, 27.833232 ], [ -82.753945, 27.829054 ], [ -82.744166, 27.828726 ], [ -82.74317, 27.828299 ], [ -82.743762, 27.827184 ], [ -82.744014, 27.825776 ], [ -82.743983, 27.824951 ], [ -82.743568, 27.824164 ], [ -82.742955, 27.823675 ], [ -82.742732, 27.822569 ], [ -82.742422, 27.8223 ], [ -82.742323, 27.821728 ], [ -82.741892, 27.820948 ], [ -82.738486, 27.820954 ], [ -82.735845, 27.822539 ], [ -82.733457, 27.82347 ], [ -82.732586, 27.823652 ], [ -82.732419, 27.823852 ], [ -82.732403, 27.824367 ], [ -82.731471, 27.824554 ], [ -82.730519, 27.825655 ], [ -82.728471, 27.827538 ], [ -82.728528, 27.839167 ], [ -82.751897, 27.839136 ], [ -82.752493, 27.838059 ], [ -82.7527, 27.836924 ], [ -82.752992, 27.836764 ], [ -82.754235, 27.834256 ] ] ] } },
{ "type": "Feature", "properties": { "tract_geoid": "12103025015", "tract_name": "250.15", "land_area": 1041762, "water_area": 302752 }, "geometry": { "type": "Polygon", "coordinates": [ [ [ -82.760155, 27.820801 ], [ -82.758733, 27.820877 ], [ -82.757995, 27.820395 ], [ -82.757865, 27.819884 ], [ -82.755815, 27.819905 ], [ -82.754493, 27.820435 ], [ -82.753943, 27.820026 ], [ -82.75393, 27.820949 ], [ -82.741892, 27.820948 ], [ -82.742323, 27.821728 ], [ -82.742422, 27.8223 ], [ -82.742732, 27.822569 ], [ -82.742955, 27.823675 ], [ -82.743568, 27.824164 ], [ -82.743983, 27.824951 ], [ -82.744014, 27.825776 ], [ -82.743762, 27.827184 ], [ -82.74317, 27.828299 ], [ -82.744166, 27.828726 ], [ -82.753945, 27.829054 ], [ -82.756452, 27.828876 ], [ -82.760155, 27.820801 ] ] ] } },
{ "type": "Feature", "properties": { "tract_geoid": "12103025016", "tract_name": "250.16", "land_area": 2016347, "water_area": 1197719 }, "geometry": { "type": "Polygon", "coordinates": [ [ [ -82.781467, 27.839401 ], [ -82.780701, 27.836956 ], [ -82.778924, 27.835602 ], [ -82.777636, 27.834074 ], [ -82.774846, 27.834054 ], [ -82.77241, 27.834335 ], [ -82.769931, 27.833344 ], [ -82.766926, 27.824579 ], [ -82.765191, 27.820795 ], [ -82.764723, 27.818803 ], [ -82.760923, 27.820703 ], [ -82.760195, 27.820721 ], [ -82.756452, 27.828876 ], [ -82.753945, 27.829054 ], [ -82.75396, 27.833232 ], [ -82.754235, 27.834256 ], [ -82.752992, 27.836764 ], [ -82.7527, 27.836924 ], [ -82.752493, 27.838059 ], [ -82.751897, 27.839136 ], [ -82.762155, 27.839368 ], [ -82.781467, 27.839401 ] ] ] } },
{ "type": "Feature", "properties": { "tract_geoid": "12103025106", "tract_name": "251.06", "land_area": 3307749, "water_area": 2033786 }, "geometry": { "type": "Polygon", "coordinates": [ [ [ -82.794158, 27.807623 ], [ -82.794131, 27.807197 ], [ -82.791538, 27.804487 ], [ -82.790752, 27.803912 ], [ -82.783079, 27.804685 ], [ -82.771576, 27.796649 ], [ -82.765323, 27.80009 ], [ -82.764808, 27.803742 ], [ -82.764839, 27.808146 ], [ -82.763813, 27.808156 ], [ -82.763778, 27.813665 ], [ -82.764126, 27.815871 ], [ -82.769018, 27.819022 ], [ -82.77296, 27.821954 ], [ -82.773242, 27.821171 ], [ -82.787021, 27.82135 ], [ -82.787011, 27.817387 ], [ -82.786291, 27.815181 ], [ -82.786514, 27.815205 ], [ -82.787097, 27.815847 ], [ -82.78712, 27.814874 ], [ -82.787464, 27.814136 ], [ -82.789456, 27.812068 ], [ -82.789479, 27.811857 ], [ -82.794158, 27.807623 ] ] ] } },
{ "type": "Feature", "properties": { "tract_geoid": "12103025107", "tract_name": "251.07", "land_area": 2413826, "water_area": 876417 }, "geometry": { "type": "Polygon", "coordinates": [ [ [ -82.787063, 27.839589 ], [ -82.787021, 27.82135 ], [ -82.773242, 27.821171 ], [ -82.77296, 27.821954 ], [ -82.769018, 27.819022 ], [ -82.764126, 27.815871 ], [ -82.765191, 27.820795 ], [ -82.766926, 27.824579 ], [ -82.769931, 27.833344 ], [ -82.77241, 27.834335 ], [ -82.774846, 27.834054 ], [ -82.777636, 27.834074 ], [ -82.778924, 27.835602 ], [ -82.780701, 27.836956 ], [ -82.781467, 27.839401 ], [ -82.787063, 27.839589 ] ] ] } },
{ "type": "Feature", "properties": { "tract_geoid": "12103025108", "tract_name": "251.08", "land_area": 1196748, "water_area": 509660 }, "geometry": { "type": "Polygon", "coordinates": [ [ [ -82.803959, 27.815937 ], [ -82.799704, 27.812085 ], [ -82.79742, 27.808795 ], [ -82.797151, 27.808591 ], [ -82.796382, 27.809145 ], [ -82.794158, 27.807623 ], [ -82.789479, 27.811857 ], [ -82.789456, 27.812068 ], [ -82.787464, 27.814136 ], [ -82.78712, 27.814874 ], [ -82.787097, 27.815847 ], [ -82.786514, 27.815205 ], [ -82.786291, 27.815181 ], [ -82.787011, 27.817387 ], [ -82.787021, 27.82135 ], [ -82.79531, 27.821455 ], [ -82.795317, 27.81924 ], [ -82.795972, 27.819194 ], [ -82.796022, 27.820493 ], [ -82.796469, 27.820743 ], [ -82.799218, 27.820721 ], [ -82.800197, 27.820015 ], [ -82.801252, 27.818682 ], [ -82.802142, 27.818311 ], [ -82.803959, 27.815937 ] ] ] } },
{ "type": "Feature", "properties": { "tract_geoid": "12103025109", "tract_name": "251.09", "land_area": 2087898, "water_area": 40703 }, "geometry": { "type": "Polygon", "coordinates": [ [ [ -82.803446, 27.843484 ], [ -82.803054, 27.842284 ], [ -82.801649, 27.839622 ], [ -82.800993, 27.838787 ], [ -82.799058, 27.837467 ], [ -82.795336, 27.835944 ], [ -82.79535, 27.825547 ], [ -82.795678, 27.824658 ], [ -82.795685, 27.823843 ], [ -82.795303, 27.822451 ], [ -82.79531, 27.821455 ], [ -82.787021, 27.82135 ], [ -82.787063, 27.839589 ], [ -82.791265, 27.839648 ], [ -82.792464, 27.839848 ], [ -82.793322, 27.840314 ], [ -82.79664, 27.842737 ], [ -82.797706, 27.843253 ], [ -82.798978, 27.84343 ], [ -82.803446, 27.843484 ] ] ] } },
{ "type": "Feature", "properties": { "tract_geoid": "12103025110", "tract_name": "251.10", "land_area": 5035902, "water_area": 2187563 }, "geometry": { "type": "Polygon", "coordinates": [ [ [ -82.838214, 27.843924 ], [ -82.83809, 27.841328 ], [ -82.832798, 27.834427 ], [ -82.826531, 27.833553 ], [ -82.820378, 27.830778 ], [ -82.803959, 27.815937 ], [ -82.802142, 27.818311 ], [ -82.801252, 27.818682 ], [ -82.800197, 27.820015 ], [ -82.799218, 27.820721 ], [ -82.796469, 27.820743 ], [ -82.796022, 27.820493 ], [ -82.795972, 27.819194 ], [ -82.795317, 27.81924 ], [ -82.795303, 27.822451 ], [ -82.795685, 27.823843 ], [ -82.795678, 27.824658 ], [ -82.79535, 27.825547 ], [ -82.795336, 27.835944 ], [ -82.799058, 27.837467 ], [ -82.800993, 27.838787 ], [ -82.801649, 27.839622 ], [ -82.803054, 27.842284 ], [ -82.803446, 27.843484 ], [ -82.838214, 27.843924 ] ] ] } },
{ "type": "Feature", "properties": { "tract_geoid": "12103025116", "tract_name": "251.16", "land_area": 980123, "water_area": 4520 }, "geometry": { "type": "Polygon", "coordinates": [ [ [ -82.799443, 27.880174 ], [ -82.799405, 27.872818 ], [ -82.799219, 27.873017 ], [ -82.798793, 27.87284 ], [ -82.787042, 27.872735 ], [ -82.787098, 27.880064 ], [ -82.799443, 27.880174 ] ] ] } },
{ "type": "Feature", "properties": { "tract_geoid": "12103025112", "tract_name": "251.12", "land_area": 1783324, "water_area": 607502 }, "geometry": { "type": "Polygon", "coordinates": [ [ [ -82.795315, 27.850688 ], [ -82.784063, 27.850424 ], [ -82.784124, 27.850794 ], [ -82.780896, 27.850861 ], [ -82.781224, 27.854601 ], [ -82.778935, 27.865345 ], [ -82.789588, 27.865219 ], [ -82.795289, 27.865446 ], [ -82.795315, 27.850688 ] ] ] } },
{ "type": "Feature", "properties": { "tract_geoid": "12103025113", "tract_name": "251.13", "land_area": 1962731, "water_area": 13058 }, "geometry": { "type": "Polygon", "coordinates": [ [ [ -82.803446, 27.843484 ], [ -82.798066, 27.843338 ], [ -82.797018, 27.842955 ], [ -82.795315, 27.841766 ], [ -82.795289, 27.865446 ], [ -82.802552, 27.865472 ], [ -82.80349, 27.861903 ], [ -82.803446, 27.843484 ] ] ] } },
{ "type": "Feature", "properties": { "tract_geoid": "12103025114", "tract_name": "251.14", "land_area": 1723309, "water_area": 89213 }, "geometry": { "type": "Polygon", "coordinates": [ [ [ -82.802552, 27.865472 ], [ -82.794333, 27.865431 ], [ -82.789588, 27.865219 ], [ -82.778935, 27.865345 ], [ -82.778518, 27.86803 ], [ -82.777602, 27.869876 ], [ -82.776972, 27.872319 ], [ -82.777988, 27.871882 ], [ -82.779502, 27.8726 ], [ -82.798793, 27.87284 ], [ -82.799219, 27.873017 ], [ -82.799405, 27.872818 ], [ -82.79972, 27.870416 ], [ -82.801665, 27.866575 ], [ -82.802552, 27.865472 ] ] ] } },
{ "type": "Feature", "properties": { "tract_geoid": "12103027000", "tract_name": "270", "land_area": 2671512, "water_area": 1161120 }, "geometry": { "type": "Polygon", "coordinates": [ [ [ -82.801272, 27.9975 ], [ -82.7755, 27.997332 ], [ -82.775542, 28.012125 ], [ -82.785836, 28.012218 ], [ -82.785824, 28.011366 ], [ -82.787907, 28.011376 ], [ -82.787895, 28.009355 ], [ -82.791797, 28.010149 ], [ -82.791685, 28.010608 ], [ -82.793917, 28.011025 ], [ -82.799524, 28.012496 ], [ -82.801272, 27.9975 ] ] ] } },
{ "type": "Feature", "properties": { "tract_geoid": "12103025119", "tract_name": "251.19", "land_area": 4840467, "water_area": 366011 }, "geometry": { "type": "Polygon", "coordinates": [ [ [ -82.832357, 27.865732 ], [ -82.802552, 27.865472 ], [ -82.801665, 27.866575 ], [ -82.799563, 27.870945 ], [ -82.799405, 27.872818 ], [ -82.799443, 27.880174 ], [ -82.814598, 27.880276 ], [ -82.815166, 27.880715 ], [ -82.815167, 27.880882 ], [ -82.816378, 27.880448 ], [ -82.818746, 27.880301 ], [ -82.832384, 27.880422 ], [ -82.832357, 27.865732 ] ] ] } },
{ "type": "Feature", "properties": { "tract_geoid": "12103025120", "tract_name": "251.20", "land_area": 2578698, "water_area": 51263 }, "geometry": { "type": "Polygon", "coordinates": [ [ [ -82.819888, 27.850993 ], [ -82.803484, 27.850796 ], [ -82.80349, 27.861903 ], [ -82.802552, 27.865472 ], [ -82.819991, 27.865634 ], [ -82.819888, 27.850993 ] ] ] } },
{ "type": "Feature", "properties": { "tract_geoid": "12103025121", "tract_name": "251.21", "land_area": 2607144, "water_area": 24622 }, "geometry": { "type": "Polygon", "coordinates": [ [ [ -82.828218, 27.858394 ], [ -82.828183, 27.843764 ], [ -82.803446, 27.843484 ], [ -82.803484, 27.850796 ], [ -82.819888, 27.850993 ], [ -82.819912, 27.858331 ], [ -82.828218, 27.858394 ] ] ] } },
{ "type": "Feature", "properties": { "tract_geoid": "12103025204", "tract_name": "252.04", "land_area": 1806361, "water_area": 356117 }, "geometry": { "type": "Polygon", "coordinates": [ [ [ -82.830775, 27.916943 ], [ -82.800682, 27.916753 ], [ -82.800532, 27.92408 ], [ -82.821312, 27.924273 ], [ -82.821342, 27.922966 ], [ -82.822551, 27.922931 ], [ -82.822798, 27.922584 ], [ -82.822707, 27.922151 ], [ -82.828518, 27.922122 ], [ -82.830775, 27.916943 ] ] ] } },
{ "type": "Feature", "properties": { "tract_geoid": "12103025205", "tract_name": "252.05", "land_area": 2599864, "water_area": 182168 }, "geometry": { "type": "Polygon", "coordinates": [ [ [ -82.849771, 27.87723 ], [ -82.849561, 27.872276 ], [ -82.846849, 27.865388 ], [ -82.8421, 27.865336 ], [ -82.84116, 27.865794 ], [ -82.832357, 27.865732 ], [ -82.832384, 27.880422 ], [ -82.840561, 27.880502 ], [ -82.842389, 27.881144 ], [ -82.845452, 27.88337 ], [ -82.847657, 27.881098 ], [ -82.849771, 27.87723 ] ] ] } },
{ "type": "Feature", "properties": { "tract_geoid": "12103026102", "tract_name": "261.02", "land_area": 792023, "water_area": 571029 }, "geometry": { "type": "Polygon", "coordinates": [ [ [ -82.802332, 27.990998 ], [ -82.798323, 27.990707 ], [ -82.795708, 27.989729 ], [ -82.795167, 27.989305 ], [ -82.793449, 27.988875 ], [ -82.792268, 27.987116 ], [ -82.7915, 27.986732 ], [ -82.79038, 27.985711 ], [ -82.789366, 27.985141 ], [ -82.788839, 27.984375 ], [ -82.78857, 27.983618 ], [ -82.788124, 27.983224 ], [ -82.787996, 27.983388 ], [ -82.787767, 27.984436 ], [ -82.787889, 27.997415 ], [ -82.801286, 27.997414 ], [ -82.802332, 27.990998 ] ] ] } },
{ "type": "Feature", "properties": { "tract_geoid": "12103025902", "tract_name": "259.02", "land_area": 1882024, "water_area": 1012092 }, "geometry": { "type": "Polygon", "coordinates": [ [ [ -82.816501, 27.952709 ], [ -82.805208, 27.952575 ], [ -82.805597, 27.950792 ], [ -82.802565, 27.950922 ], [ -82.802546, 27.951821 ], [ -82.799941, 27.9518 ], [ -82.79996, 27.96091 ], [ -82.787615, 27.960851 ], [ -82.78765, 27.968188 ], [ -82.802792, 27.968152 ], [ -82.803434, 27.967779 ], [ -82.803712, 27.96723 ], [ -82.803669, 27.96446 ], [ -82.804512, 27.965596 ], [ -82.806617, 27.966638 ], [ -82.811225, 27.960597 ], [ -82.816501, 27.952709 ] ] ] } },
{ "type": "Feature", "properties": { "tract_geoid": "12103025210", "tract_name": "252.10", "land_area": 2054213, "water_area": 1006878 }, "geometry": { "type": "Polygon", "coordinates": [ [ [ -82.838125, 27.893899 ], [ -82.836409, 27.892918 ], [ -82.835891, 27.892933 ], [ -82.835139, 27.892287 ], [ -82.832365, 27.891283 ], [ -82.831475, 27.892549 ], [ -82.830761, 27.894118 ], [ -82.829703, 27.895601 ], [ -82.828145, 27.897097 ], [ -82.825886, 27.898444 ], [ -82.822739, 27.90313 ], [ -82.822171, 27.90499 ], [ -82.822172, 27.908071 ], [ -82.822019, 27.908559 ], [ -82.81718, 27.91683 ], [ -82.830775, 27.916943 ], [ -82.832491, 27.91299 ], [ -82.83588, 27.902306 ], [ -82.838125, 27.893899 ] ] ] } },
{ "type": "Feature", "properties": { "tract_geoid": "12103025211", "tract_name": "252.11", "land_area": 1506236, "water_area": 9271 }, "geometry": { "type": "Polygon", "coordinates": [ [ [ -82.8214, 27.909581 ], [ -82.799632, 27.909423 ], [ -82.799749, 27.911249 ], [ -82.800672, 27.914333 ], [ -82.800682, 27.916753 ], [ -82.81718, 27.91683 ], [ -82.8214, 27.909581 ] ] ] } },
{ "type": "Feature", "properties": { "tract_geoid": "12103025901", "tract_name": "259.01", "land_area": 1552269, "water_area": 4971 }, "geometry": { "type": "Polygon", "coordinates": [ [ [ -82.79996, 27.96091 ], [ -82.799917, 27.948185 ], [ -82.797348, 27.948182 ], [ -82.794437, 27.949866 ], [ -82.787513, 27.949858 ], [ -82.787615, 27.960851 ], [ -82.79996, 27.96091 ] ] ] } },
{ "type": "Feature", "properties": { "tract_geoid": "12103023602", "tract_name": "236.02", "land_area": 421766, "water_area": 0 }, "geometry": { "type": "Polygon", "coordinates": [ [ [ -82.638564, 27.781225 ], [ -82.629181, 27.781287 ], [ -82.626684, 27.784947 ], [ -82.638518, 27.784877 ], [ -82.638564, 27.781225 ] ] ] } },
{ "type": "Feature", "properties": { "tract_geoid": "12103028005", "tract_name": "280.05", "land_area": 896015, "water_area": 2307251 }, "geometry": { "type": "Polygon", "coordinates": [ [ [ -82.74613, 27.735707 ], [ -82.745185, 27.734274 ], [ -82.745253, 27.733069 ], [ -82.744074, 27.731106 ], [ -82.741517, 27.725738 ], [ -82.739865, 27.720792 ], [ -82.735148, 27.720699 ], [ -82.734218, 27.72112 ], [ -82.733335, 27.72089 ], [ -82.725665, 27.724644 ], [ -82.733041, 27.739722 ], [ -82.738256, 27.743819 ], [ -82.741292, 27.74472 ], [ -82.744917, 27.738498 ], [ -82.744666, 27.737078 ], [ -82.744385, 27.736723 ], [ -82.74613, 27.735707 ] ] ] } },
{ "type": "Feature", "properties": { "tract_geoid": "12103028602", "tract_name": "286.02", "land_area": 1566018, "water_area": 1364679 }, "geometry": { "type": "Polygon", "coordinates": [ [ [ -82.638506, 27.755682 ], [ -82.63693, 27.755787 ], [ -82.636934, 27.754637 ], [ -82.636654, 27.754609 ], [ -82.635722, 27.754795 ], [ -82.633649, 27.755817 ], [ -82.63079, 27.755846 ], [ -82.630634, 27.756038 ], [ -82.628925, 27.756157 ], [ -82.624183, 27.756104 ], [ -82.619615, 27.760248 ], [ -82.619616, 27.769449 ], [ -82.6176, 27.769437 ], [ -82.617605, 27.770519 ], [ -82.621308, 27.770545 ], [ -82.622893, 27.771106 ], [ -82.624762, 27.771033 ], [ -82.627832, 27.770556 ], [ -82.627741, 27.770315 ], [ -82.627958, 27.769702 ], [ -82.628849, 27.769933 ], [ -82.628985, 27.770189 ], [ -82.629271, 27.770265 ], [ -82.630322, 27.769853 ], [ -82.631594, 27.770345 ], [ -82.638461, 27.770309 ], [ -82.638506, 27.755682 ] ] ] } },
{ "type": "Feature", "properties": { "tract_geoid": "12103024516", "tract_name": "245.16", "land_area": 2789193, "water_area": 614531 }, "geometry": { "type": "Polygon", "coordinates": [ [ [ -82.700223, 27.864698 ], [ -82.700196, 27.862555 ], [ -82.691669, 27.85056 ], [ -82.690139, 27.851166 ], [ -82.686915, 27.851321 ], [ -82.683937, 27.852337 ], [ -82.682796, 27.852352 ], [ -82.680522, 27.852038 ], [ -82.678215, 27.852007 ], [ -82.677969, 27.853205 ], [ -82.677495, 27.854138 ], [ -82.676335, 27.855239 ], [ -82.674569, 27.855906 ], [ -82.671503, 27.855985 ], [ -82.671533, 27.872067 ], [ -82.679585, 27.87189 ], [ -82.679772, 27.864704 ], [ -82.679709, 27.859353 ], [ -82.681037, 27.859343 ], [ -82.686771, 27.85841 ], [ -82.691118, 27.864722 ], [ -82.699842, 27.864802 ], [ -82.700223, 27.864698 ] ] ] } },
{ "type": "Feature", "properties": { "tract_geoid": "12103024907", "tract_name": "249.07", "land_area": 2051098, "water_area": 29351 }, "geometry": { "type": "Polygon", "coordinates": [ [ [ -82.699959, 27.839244 ], [ -82.687168, 27.839231 ], [ -82.685424, 27.839298 ], [ -82.684031, 27.83961 ], [ -82.700196, 27.862555 ], [ -82.699959, 27.839244 ] ] ] } },
{ "type": "Feature", "properties": { "tract_geoid": "12103021600", "tract_name": "216", "land_area": 1294990, "water_area": 0 }, "geometry": { "type": "Polygon", "coordinates": [ [ [ -82.658975, 27.776562 ], [ -82.65808, 27.773388 ], [ -82.657736, 27.767499 ], [ -82.657147, 27.766793 ], [ -82.656321, 27.766392 ], [ -82.654819, 27.76621 ], [ -82.646642, 27.766101 ], [ -82.64664, 27.767076 ], [ -82.64818, 27.767101 ], [ -82.648185, 27.770263 ], [ -82.646658, 27.770277 ], [ -82.646701, 27.776866 ], [ -82.64828, 27.776733 ], [ -82.653716, 27.777341 ], [ -82.656075, 27.777176 ], [ -82.658975, 27.776562 ] ] ] } },
{ "type": "Feature", "properties": { "tract_geoid": "12103021800", "tract_name": "218", "land_area": 2150869, "water_area": 0 }, "geometry": { "type": "Polygon", "coordinates": [ [ [ -82.671152, 27.760599 ], [ -82.669432, 27.761261 ], [ -82.665101, 27.761477 ], [ -82.663024, 27.762108 ], [ -82.66158, 27.763051 ], [ -82.658741, 27.765353 ], [ -82.657951, 27.766654 ], [ -82.657715, 27.767838 ], [ -82.657978, 27.77023 ], [ -82.65808, 27.773388 ], [ -82.659296, 27.777445 ], [ -82.671258, 27.777356 ], [ -82.671152, 27.760599 ] ] ] } },
{ "type": "Feature", "properties": { "tract_geoid": "12103021900", "tract_name": "219", "land_area": 2350049, "water_area": 3249 }, "geometry": { "type": "Polygon", "coordinates": [ [ [ -82.679442, 27.784571 ], [ -82.679404, 27.757385 ], [ -82.676371, 27.757394 ], [ -82.676497, 27.756294 ], [ -82.675261, 27.757769 ], [ -82.671152, 27.760599 ], [ -82.671303, 27.784628 ], [ -82.679442, 27.784571 ] ] ] } },
{ "type": "Feature", "properties": { "tract_geoid": "12103022000", "tract_name": "220", "land_area": 1818485, "water_area": 0 }, "geometry": { "type": "Polygon", "coordinates": [ [ [ -82.699808, 27.762732 ], [ -82.695755, 27.762662 ], [ -82.695433, 27.762858 ], [ -82.694672, 27.762875 ], [ -82.679415, 27.762842 ], [ -82.679424, 27.770988 ], [ -82.69984, 27.770924 ], [ -82.699808, 27.762732 ] ] ] } },
{ "type": "Feature", "properties": { "tract_geoid": "12103022200", "tract_name": "222", "land_area": 2251458, "water_area": 1538 }, "geometry": { "type": "Polygon", "coordinates": [ [ [ -82.712262, 27.780847 ], [ -82.712129, 27.764586 ], [ -82.70558, 27.764529 ], [ -82.699808, 27.762732 ], [ -82.699926, 27.780896 ], [ -82.712262, 27.780847 ] ] ] } },
{ "type": "Feature", "properties": { "tract_geoid": "12103022301", "tract_name": "223.01", "land_area": 1885913, "water_area": 11686 }, "geometry": { "type": "Polygon", "coordinates": [ [ [ -82.734591, 27.763614 ], [ -82.729701, 27.761948 ], [ -82.729156, 27.763057 ], [ -82.728247, 27.762772 ], [ -82.727143, 27.762731 ], [ -82.712117, 27.762771 ], [ -82.712188, 27.770874 ], [ -82.734349, 27.77084 ], [ -82.733361, 27.769959 ], [ -82.732536, 27.769496 ], [ -82.734591, 27.763614 ] ] ] } },
{ "type": "Feature", "properties": { "tract_geoid": "12103022302", "tract_name": "223.02", "land_area": 2573956, "water_area": 50397 }, "geometry": { "type": "Polygon", "coordinates": [ [ [ -82.73672, 27.7809 ], [ -82.73643, 27.77383 ], [ -82.735648, 27.772174 ], [ -82.734349, 27.77084 ], [ -82.712188, 27.770874 ], [ -82.712262, 27.780847 ], [ -82.73672, 27.7809 ] ] ] } },
{ "type": "Feature", "properties": { "tract_geoid": "12103022401", "tract_name": "224.01", "land_area": 2676191, "water_area": 1634001 }, "geometry": { "type": "Polygon", "coordinates": [ [ [ -82.757141, 27.760687 ], [ -82.757532, 27.759265 ], [ -82.756077, 27.75664 ], [ -82.753359, 27.75266 ], [ -82.744701, 27.759824 ], [ -82.744707, 27.758517 ], [ -82.743631, 27.759345 ], [ -82.743265, 27.759842 ], [ -82.743635, 27.760235 ], [ -82.743618, 27.762796 ], [ -82.741144, 27.762772 ], [ -82.739547, 27.763976 ], [ -82.738812, 27.763216 ], [ -82.737679, 27.762407 ], [ -82.735286, 27.761491 ], [ -82.732536, 27.769496 ], [ -82.733361, 27.769959 ], [ -82.735393, 27.771879 ], [ -82.735882, 27.77254 ], [ -82.73636, 27.773593 ], [ -82.736649, 27.777237 ], [ -82.73672, 27.7809 ], [ -82.73753, 27.78091 ], [ -82.737535, 27.781612 ], [ -82.743229, 27.781642 ], [ -82.743979, 27.780924 ], [ -82.744855, 27.780868 ], [ -82.745156, 27.780027 ], [ -82.746184, 27.77916 ], [ -82.745897, 27.77858 ], [ -82.746024, 27.778531 ], [ -82.745974, 27.778261 ], [ -82.746939, 27.778013 ], [ -82.746898, 27.777283 ], [ -82.753884, 27.775801 ], [ -82.753446, 27.774957 ], [ -82.753303, 27.766713 ], [ -82.754222, 27.764309 ], [ -82.755247, 27.762817 ], [ -82.757141, 27.760687 ] ] ] } },
{ "type": "Feature", "properties": { "tract_geoid": "12103027106", "tract_name": "271.06", "land_area": 8311218, "water_area": 21335652 }, "geometry": { "type": "Polygon", "coordinates": [ [ [ -82.842324, 28.082348 ], [ -82.842177, 28.079448 ], [ -82.838066, 28.063268 ], [ -82.835705, 28.060819 ], [ -82.827954, 28.054054 ], [ -82.823723, 28.046476 ], [ -82.825472, 28.03703 ], [ -82.827222, 28.031958 ], [ -82.830108, 28.02601 ], [ -82.831911, 28.020711 ], [ -82.832206, 28.019003 ], [ -82.82884, 28.019024 ], [ -82.828957, 28.018303 ], [ -82.819614, 28.005837 ], [ -82.819197, 28.005844 ], [ -82.817548, 28.004523 ], [ -82.817607, 28.004083 ], [ -82.817258, 28.003764 ], [ -82.816909, 28.00293 ], [ -82.81574, 28.001614 ], [ -82.815765, 28.001339 ], [ -82.816615, 28.000824 ], [ -82.814859, 27.997285 ], [ -82.801286, 27.997414 ], [ -82.799524, 28.012496 ], [ -82.797424, 28.023895 ], [ -82.797192, 28.028998 ], [ -82.797345, 28.038476 ], [ -82.797012, 28.041004 ], [ -82.795194, 28.040751 ], [ -82.793614, 28.040189 ], [ -82.79207, 28.039137 ], [ -82.789853, 28.036841 ], [ -82.788672, 28.036291 ], [ -82.787661, 28.036371 ], [ -82.785399, 28.035784 ], [ -82.78451, 28.03786 ], [ -82.760567, 28.037715 ], [ -82.759515, 28.04337 ], [ -82.759637, 28.048693 ], [ -82.763676, 28.048757 ], [ -82.769197, 28.049956 ], [ -82.770291, 28.049783 ], [ -82.772634, 28.048885 ], [ -82.778223, 28.048875 ], [ -82.784203, 28.050734 ], [ -82.785221, 28.050918 ], [ -82.785365, 28.050149 ], [ -82.786497, 28.048412 ], [ -82.788237, 28.048563 ], [ -82.796224, 28.048694 ], [ -82.796222, 28.051565 ], [ -82.795453, 28.056196 ], [ -82.801424, 28.056394 ], [ -82.813525, 28.062894 ], [ -82.819425, 28.064193 ], [ -82.821402, 28.072869 ], [ -82.824321, 28.086903 ], [ -82.827719, 28.090507 ], [ -82.830855, 28.091631 ], [ -82.833219, 28.092103 ], [ -82.835624, 28.092189 ], [ -82.841128, 28.092743 ], [ -82.842324, 28.082348 ] ] ] } },
{ "type": "Feature", "properties": { "tract_geoid": "12103022501", "tract_name": "225.01", "land_area": 2866868, "water_area": 33779 }, "geometry": { "type": "Polygon", "coordinates": [ [ [ -82.736968, 27.791799 ], [ -82.73672, 27.7809 ], [ -82.712262, 27.780847 ], [ -82.712287, 27.791772 ], [ -82.72627, 27.791766 ], [ -82.727549, 27.790791 ], [ -82.72843, 27.790596 ], [ -82.729418, 27.790784 ], [ -82.731656, 27.791767 ], [ -82.736968, 27.791799 ] ] ] } },
{ "type": "Feature", "properties": { "tract_geoid": "12103022502", "tract_name": "225.02", "land_area": 2268830, "water_area": 18963 }, "geometry": { "type": "Polygon", "coordinates": [ [ [ -82.753859, 27.809621 ], [ -82.739087, 27.800942 ], [ -82.737993, 27.799969 ], [ -82.737483, 27.799206 ], [ -82.737169, 27.798267 ], [ -82.736968, 27.791799 ], [ -82.731656, 27.791767 ], [ -82.729418, 27.790784 ], [ -82.72843, 27.790596 ], [ -82.728597, 27.808174 ], [ -82.74972, 27.808201 ], [ -82.74972, 27.810021 ], [ -82.753113, 27.81006 ], [ -82.753098, 27.810848 ], [ -82.753762, 27.811029 ], [ -82.753859, 27.809621 ] ] ] } },
{ "type": "Feature", "properties": { "tract_geoid": "12103022503", "tract_name": "225.03", "land_area": 2933501, "water_area": 4154 }, "geometry": { "type": "Polygon", "coordinates": [ [ [ -82.72843, 27.790596 ], [ -82.727549, 27.790791 ], [ -82.72627, 27.791766 ], [ -82.712287, 27.791772 ], [ -82.712271, 27.808237 ], [ -82.728597, 27.808174 ], [ -82.72843, 27.790596 ] ] ] } },
{ "type": "Feature", "properties": { "tract_geoid": "12103022601", "tract_name": "226.01", "land_area": 1456551, "water_area": 15701 }, "geometry": { "type": "Polygon", "coordinates": [ [ [ -82.712287, 27.791772 ], [ -82.712262, 27.780847 ], [ -82.699926, 27.780896 ], [ -82.699987, 27.791835 ], [ -82.712287, 27.791772 ] ] ] } },
{ "type": "Feature", "properties": { "tract_geoid": "12103022602", "tract_name": "226.02", "land_area": 2198401, "water_area": 15135 }, "geometry": { "type": "Polygon", "coordinates": [ [ [ -82.712287, 27.791772 ], [ -82.699987, 27.791835 ], [ -82.699981, 27.792734 ], [ -82.699273, 27.792798 ], [ -82.698853, 27.793646 ], [ -82.69926, 27.79415 ], [ -82.699992, 27.794528 ], [ -82.700049, 27.808225 ], [ -82.712271, 27.808237 ], [ -82.712287, 27.791772 ] ] ] } },
{ "type": "Feature", "properties": { "tract_geoid": "12103022700", "tract_name": "227", "land_area": 2330628, "water_area": 117484 }, "geometry": { "type": "Polygon", "coordinates": [ [ [ -82.699926, 27.780896 ], [ -82.679426, 27.780935 ], [ -82.679472, 27.791871 ], [ -82.699987, 27.791835 ], [ -82.699926, 27.780896 ] ] ] } },
{ "type": "Feature", "properties": { "tract_geoid": "12103022801", "tract_name": "228.01", "land_area": 2033690, "water_area": 19357 }, "geometry": { "type": "Polygon", "coordinates": [ [ [ -82.70004, 27.799093 ], [ -82.679506, 27.799182 ], [ -82.6795, 27.808504 ], [ -82.679939, 27.808313 ], [ -82.700049, 27.808225 ], [ -82.70004, 27.799093 ] ] ] } },
{ "type": "Feature", "properties": { "tract_geoid": "12103022802", "tract_name": "228.02", "land_area": 1594068, "water_area": 25599 }, "geometry": { "type": "Polygon", "coordinates": [ [ [ -82.70004, 27.799093 ], [ -82.699992, 27.794528 ], [ -82.69926, 27.79415 ], [ -82.698853, 27.793646 ], [ -82.699273, 27.792798 ], [ -82.699981, 27.792734 ], [ -82.699987, 27.791835 ], [ -82.679472, 27.791871 ], [ -82.679506, 27.799182 ], [ -82.70004, 27.799093 ] ] ] } },
{ "type": "Feature", "properties": { "tract_geoid": "12103022901", "tract_name": "229.01", "land_area": 2230191, "water_area": 128157 }, "geometry": { "type": "Polygon", "coordinates": [ [ [ -82.679472, 27.791871 ], [ -82.679442, 27.784571 ], [ -82.671303, 27.784628 ], [ -82.671258, 27.777356 ], [ -82.659296, 27.777445 ], [ -82.661257, 27.783082 ], [ -82.661388, 27.783994 ], [ -82.661292, 27.785093 ], [ -82.660392, 27.788072 ], [ -82.660331, 27.791949 ], [ -82.679472, 27.791871 ] ] ] } },
{ "type": "Feature", "properties": { "tract_geoid": "12103023100", "tract_name": "231", "land_area": 1089408, "water_area": 3536 }, "geometry": { "type": "Polygon", "coordinates": [ [ [ -82.662574, 27.799538 ], [ -82.662357, 27.798376 ], [ -82.66074, 27.794477 ], [ -82.660331, 27.791949 ], [ -82.654924, 27.792035 ], [ -82.655015, 27.806587 ], [ -82.662188, 27.806571 ], [ -82.662088, 27.805115 ], [ -82.662574, 27.799538 ] ] ] } },
{ "type": "Feature", "properties": { "tract_geoid": "12103025700", "tract_name": "257", "land_area": 4461831, "water_area": 2096727 }, "geometry": { "type": "Polygon", "coordinates": [ [ [ -82.828518, 27.922122 ], [ -82.822707, 27.922151 ], [ -82.822798, 27.922584 ], [ -82.822551, 27.922931 ], [ -82.821342, 27.922966 ], [ -82.821312, 27.924273 ], [ -82.800532, 27.92408 ], [ -82.800404, 27.928152 ], [ -82.800696, 27.93215 ], [ -82.8002, 27.937085 ], [ -82.800054, 27.94257 ], [ -82.799911, 27.942621 ], [ -82.799941, 27.9518 ], [ -82.802546, 27.951821 ], [ -82.802565, 27.950922 ], [ -82.805597, 27.950792 ], [ -82.805208, 27.952575 ], [ -82.81388, 27.952695 ], [ -82.815311, 27.949883 ], [ -82.81968, 27.942437 ], [ -82.828518, 27.922122 ] ] ] } },
{ "type": "Feature", "properties": { "tract_geoid": "12103025800", "tract_name": "258", "land_area": 1983402, "water_area": 105759 }, "geometry": { "type": "Polygon", "coordinates": [ [ [ -82.799953, 27.942964 ], [ -82.79972, 27.941936 ], [ -82.797636, 27.938947 ], [ -82.779805, 27.938841 ], [ -82.779815, 27.939639 ], [ -82.781729, 27.942799 ], [ -82.781798, 27.944842 ], [ -82.782109, 27.94616 ], [ -82.782127, 27.949796 ], [ -82.794437, 27.949866 ], [ -82.797348, 27.948182 ], [ -82.799917, 27.948185 ], [ -82.799953, 27.942964 ] ] ] } },
{ "type": "Feature", "properties": { "tract_geoid": "12103020105", "tract_name": "201.05", "land_area": 3854819, "water_area": 2197072 }, "geometry": { "type": "Polygon", "coordinates": [ [ [ -82.705222, 27.725056 ], [ -82.698739, 27.718611 ], [ -82.698268, 27.717769 ], [ -82.687336, 27.707091 ], [ -82.679831, 27.700531 ], [ -82.679414, 27.700567 ], [ -82.679342, 27.708931 ], [ -82.679655, 27.715338 ], [ -82.679239, 27.716592 ], [ -82.677721, 27.719206 ], [ -82.677349, 27.720204 ], [ -82.677263, 27.72174 ], [ -82.677483, 27.722916 ], [ -82.677329, 27.723637 ], [ -82.677139, 27.729032 ], [ -82.676197, 27.733805 ], [ -82.68548, 27.733714 ], [ -82.696188, 27.73383 ], [ -82.705222, 27.725056 ] ] ] } },
{ "type": "Feature", "properties": { "tract_geoid": "12103020301", "tract_name": "203.01", "land_area": 2138634, "water_area": 430500 }, "geometry": { "type": "Polygon", "coordinates": [ [ [ -82.646475, 27.731828 ], [ -82.644599, 27.729333 ], [ -82.644446, 27.728545 ], [ -82.645219, 27.726498 ], [ -82.646396, 27.725297 ], [ -82.646413, 27.719434 ], [ -82.63822, 27.719499 ], [ -82.638211, 27.718544 ], [ -82.636252, 27.719535 ], [ -82.635635, 27.719451 ], [ -82.63272, 27.719707 ], [ -82.633131, 27.724076 ], [ -82.634035, 27.725722 ], [ -82.635019, 27.726093 ], [ -82.635161, 27.726358 ], [ -82.635241, 27.727614 ], [ -82.635378, 27.727608 ], [ -82.636637, 27.733591 ], [ -82.636483, 27.733737 ], [ -82.637081, 27.735002 ], [ -82.637164, 27.736503 ], [ -82.63782, 27.738306 ], [ -82.63652, 27.740306 ], [ -82.63242, 27.741706 ], [ -82.635865, 27.741463 ], [ -82.637861, 27.741611 ], [ -82.638595, 27.741256 ], [ -82.640498, 27.741263 ], [ -82.640652, 27.741024 ], [ -82.64129, 27.741253 ], [ -82.646532, 27.741215 ], [ -82.646475, 27.731828 ] ] ] } },
{ "type": "Feature", "properties": { "tract_geoid": "12103026001", "tract_name": "260.01", "land_area": 1326294, "water_area": 5102033 }, "geometry": { "type": "Polygon", "coordinates": [ [ [ -82.824406, 27.977614 ], [ -82.823318, 27.975011 ], [ -82.822589, 27.974442 ], [ -82.822471, 27.973801 ], [ -82.82193, 27.973181 ], [ -82.81956, 27.970773 ], [ -82.809809, 27.962489 ], [ -82.806432, 27.966877 ], [ -82.804824, 27.981397 ], [ -82.802724, 27.988596 ], [ -82.801286, 27.997414 ], [ -82.814859, 27.997285 ], [ -82.816418, 28.000425 ], [ -82.821792, 28.000502 ], [ -82.823538, 27.983294 ], [ -82.824406, 27.977614 ] ] ] } },
{ "type": "Feature", "properties": { "tract_geoid": "12103024005", "tract_name": "240.05", "land_area": 1575054, "water_area": 1453282 }, "geometry": { "type": "Polygon", "coordinates": [ [ [ -82.616372, 27.80466 ], [ -82.615449, 27.805515 ], [ -82.61398, 27.805874 ], [ -82.612153, 27.805456 ], [ -82.611821, 27.805128 ], [ -82.611739, 27.80466 ], [ -82.61, 27.804403 ], [ -82.608996, 27.802476 ], [ -82.608538, 27.800682 ], [ -82.606956, 27.799346 ], [ -82.603288, 27.79724 ], [ -82.597171, 27.79733 ], [ -82.592442, 27.804001 ], [ -82.600965, 27.809074 ], [ -82.600345, 27.810318 ], [ -82.604741, 27.821038 ], [ -82.605869, 27.820677 ], [ -82.606305, 27.82085 ], [ -82.60727, 27.819602 ], [ -82.607667, 27.818869 ], [ -82.60783, 27.818098 ], [ -82.60891, 27.81865 ], [ -82.609367, 27.818136 ], [ -82.610621, 27.817521 ], [ -82.610572, 27.81697 ], [ -82.60973, 27.816246 ], [ -82.609588, 27.815562 ], [ -82.609882, 27.814608 ], [ -82.609798, 27.814464 ], [ -82.61003, 27.814195 ], [ -82.611702, 27.812777 ], [ -82.613626, 27.811524 ], [ -82.614288, 27.811203 ], [ -82.615899, 27.811211 ], [ -82.615865, 27.808847 ], [ -82.615618, 27.808592 ], [ -82.615803, 27.806055 ], [ -82.616372, 27.80466 ] ] ] } },
{ "type": "Feature", "properties": { "tract_geoid": "12103024100", "tract_name": "241", "land_area": 1930771, "water_area": 12816 }, "geometry": { "type": "Polygon", "coordinates": [ [ [ -82.646759, 27.806934 ], [ -82.644791, 27.806685 ], [ -82.637162, 27.806734 ], [ -82.636481, 27.807107 ], [ -82.635473, 27.808194 ], [ -82.634449, 27.808521 ], [ -82.634542, 27.821176 ], [ -82.638675, 27.821123 ], [ -82.638675, 27.821232 ], [ -82.642532, 27.821692 ], [ -82.644275, 27.821754 ], [ -82.646833, 27.821195 ], [ -82.646759, 27.806934 ] ] ] } },
{ "type": "Feature", "properties": { "tract_geoid": "12103024302", "tract_name": "243.02", "land_area": 2298640, "water_area": 35148 }, "geometry": { "type": "Polygon", "coordinates": [ [ [ -82.66646, 27.82914 ], [ -82.666355, 27.827413 ], [ -82.664685, 27.82302 ], [ -82.664522, 27.821107 ], [ -82.655011, 27.82114 ], [ -82.655053, 27.842957 ], [ -82.663466, 27.842876 ], [ -82.663397, 27.839799 ], [ -82.663634, 27.837435 ], [ -82.664084, 27.835665 ], [ -82.666198, 27.830355 ], [ -82.66646, 27.82914 ] ] ] } },
{ "type": "Feature", "properties": { "tract_geoid": "12103024403", "tract_name": "244.03", "land_area": 1894235, "water_area": 15181 }, "geometry": { "type": "Polygon", "coordinates": [ [ [ -82.646833, 27.821195 ], [ -82.643687, 27.821772 ], [ -82.638675, 27.821232 ], [ -82.638724, 27.842795 ], [ -82.646561, 27.842721 ], [ -82.646952, 27.842915 ], [ -82.646833, 27.821195 ] ] ] } },
{ "type": "Feature", "properties": { "tract_geoid": "12103024406", "tract_name": "244.06", "land_area": 2020487, "water_area": 767612 }, "geometry": { "type": "Polygon", "coordinates": [ [ [ -82.647041, 27.882964 ], [ -82.646986, 27.86267 ], [ -82.644408, 27.864036 ], [ -82.643147, 27.864507 ], [ -82.640978, 27.864911 ], [ -82.638815, 27.864946 ], [ -82.638856, 27.891485 ], [ -82.639009, 27.899973 ], [ -82.64588, 27.892545 ], [ -82.646561, 27.891378 ], [ -82.646921, 27.889731 ], [ -82.647041, 27.882964 ] ] ] } },
{ "type": "Feature", "properties": { "tract_geoid": "12103026200", "tract_name": "262", "land_area": 1143055, "water_area": 4802 }, "geometry": { "type": "Polygon", "coordinates": [ [ [ -82.797924, 27.968157 ], [ -82.795916, 27.968169 ], [ -82.795924, 27.971267 ], [ -82.794908, 27.971793 ], [ -82.788273, 27.971926 ], [ -82.788293, 27.973545 ], [ -82.790179, 27.973547 ], [ -82.790214, 27.97542 ], [ -82.783689, 27.97542 ], [ -82.783635, 27.978787 ], [ -82.784049, 27.979304 ], [ -82.785213, 27.980184 ], [ -82.785906, 27.981449 ], [ -82.788206, 27.983118 ], [ -82.789266, 27.982734 ], [ -82.788666, 27.982024 ], [ -82.788288, 27.98086 ], [ -82.795997, 27.980953 ], [ -82.795962, 27.977408 ], [ -82.796625, 27.976264 ], [ -82.797232, 27.973609 ], [ -82.797924, 27.968157 ] ] ] } },
{ "type": "Feature", "properties": { "tract_geoid": "12103026300", "tract_name": "263", "land_area": 4035841, "water_area": 65079 }, "geometry": { "type": "Polygon", "coordinates": [ [ [ -82.795916, 27.968169 ], [ -82.775281, 27.968063 ], [ -82.7755, 27.997332 ], [ -82.787889, 27.997415 ], [ -82.787773, 27.983979 ], [ -82.788206, 27.983118 ], [ -82.785906, 27.981449 ], [ -82.785213, 27.980184 ], [ -82.784049, 27.979304 ], [ -82.783635, 27.978787 ], [ -82.783689, 27.97542 ], [ -82.790214, 27.97542 ], [ -82.790179, 27.973547 ], [ -82.788293, 27.973545 ], [ -82.788273, 27.971926 ], [ -82.794908, 27.971793 ], [ -82.795924, 27.971267 ], [ -82.795916, 27.968169 ] ] ] } },
{ "type": "Feature", "properties": { "tract_geoid": "12103024505", "tract_name": "245.05", "land_area": 5272479, "water_area": 120423 }, "geometry": { "type": "Polygon", "coordinates": [ [ [ -82.729127, 27.887392 ], [ -82.728879, 27.86463 ], [ -82.710402, 27.864677 ], [ -82.70395, 27.864557 ], [ -82.702608, 27.864599 ], [ -82.701892, 27.864907 ], [ -82.722371, 27.893732 ], [ -82.728933, 27.893677 ], [ -82.729127, 27.887392 ] ] ] } },
{ "type": "Feature", "properties": { "tract_geoid": "12103025411", "tract_name": "254.11", "land_area": 1319291, "water_area": 22110 }, "geometry": { "type": "Polygon", "coordinates": [ [ [ -82.762435, 27.901861 ], [ -82.762395, 27.894487 ], [ -82.745806, 27.894294 ], [ -82.745719, 27.901682 ], [ -82.762435, 27.901861 ] ] ] } },
{ "type": "Feature", "properties": { "tract_geoid": "12103024601", "tract_name": "246.01", "land_area": 3929454, "water_area": 148799 }, "geometry": { "type": "Polygon", "coordinates": [ [ [ -82.683915, 27.839683 ], [ -82.681664, 27.836349 ], [ -82.68043, 27.833779 ], [ -82.679767, 27.831053 ], [ -82.679625, 27.828343 ], [ -82.671367, 27.82837 ], [ -82.671319, 27.821084 ], [ -82.664522, 27.821107 ], [ -82.664685, 27.82302 ], [ -82.665988, 27.826216 ], [ -82.666495, 27.828384 ], [ -82.666198, 27.830355 ], [ -82.664084, 27.835665 ], [ -82.663493, 27.838327 ], [ -82.663397, 27.839799 ], [ -82.663717, 27.852604 ], [ -82.671424, 27.849241 ], [ -82.671356, 27.84891 ], [ -82.673525, 27.847778 ], [ -82.675297, 27.846567 ], [ -82.681419, 27.841078 ], [ -82.682931, 27.840066 ], [ -82.683915, 27.839683 ] ] ] } },
{ "type": "Feature", "properties": { "tract_geoid": "12103024801", "tract_name": "248.01", "land_area": 2612661, "water_area": 80248 }, "geometry": { "type": "Polygon", "coordinates": [ [ [ -82.712337, 27.828255 ], [ -82.712271, 27.808237 ], [ -82.700049, 27.808225 ], [ -82.699915, 27.828308 ], [ -82.712337, 27.828255 ] ] ] } },
{ "type": "Feature", "properties": { "tract_geoid": "12103024901", "tract_name": "249.01", "land_area": 3345187, "water_area": 57839 }, "geometry": { "type": "Polygon", "coordinates": [ [ [ -82.728528, 27.839167 ], [ -82.728462, 27.828245 ], [ -82.699915, 27.828308 ], [ -82.699959, 27.839244 ], [ -82.728528, 27.839167 ] ] ] } },
{ "type": "Feature", "properties": { "tract_geoid": "12103025207", "tract_name": "252.07", "land_area": 3730264, "water_area": 167749 }, "geometry": { "type": "Polygon", "coordinates": [ [ [ -82.823266, 27.902299 ], [ -82.822948, 27.902248 ], [ -82.820105, 27.90224 ], [ -82.820008, 27.880324 ], [ -82.817143, 27.880345 ], [ -82.81573, 27.880631 ], [ -82.814018, 27.88161 ], [ -82.812775, 27.88295 ], [ -82.812012, 27.884598 ], [ -82.809718, 27.891225 ], [ -82.808983, 27.89243 ], [ -82.807923, 27.89343 ], [ -82.808264, 27.896681 ], [ -82.80801, 27.896708 ], [ -82.807261, 27.899431 ], [ -82.806186, 27.900275 ], [ -82.805928, 27.90086 ], [ -82.802786, 27.909449 ], [ -82.8214, 27.909581 ], [ -82.822172, 27.908071 ], [ -82.822171, 27.90499 ], [ -82.822739, 27.90313 ], [ -82.823266, 27.902299 ] ] ] } },
{ "type": "Feature", "properties": { "tract_geoid": "12103024904", "tract_name": "249.04", "land_area": 3403151, "water_area": 37504 }, "geometry": { "type": "Polygon", "coordinates": [ [ [ -82.728528, 27.839167 ], [ -82.715679, 27.839182 ], [ -82.715704, 27.844219 ], [ -82.716355, 27.844822 ], [ -82.716484, 27.845851 ], [ -82.716558, 27.864642 ], [ -82.728879, 27.86463 ], [ -82.728528, 27.839167 ] ] ] } },
{ "type": "Feature", "properties": { "tract_geoid": "12103025007", "tract_name": "250.07", "land_area": 4279298, "water_area": 847466 }, "geometry": { "type": "Polygon", "coordinates": [ [ [ -82.781467, 27.839401 ], [ -82.762155, 27.839368 ], [ -82.762308, 27.840354 ], [ -82.762339, 27.84303 ], [ -82.762361, 27.86513 ], [ -82.768261, 27.865202 ], [ -82.768845, 27.865304 ], [ -82.768891, 27.865976 ], [ -82.769225, 27.866241 ], [ -82.770486, 27.865389 ], [ -82.778935, 27.865345 ], [ -82.781224, 27.854601 ], [ -82.780896, 27.850861 ], [ -82.780816, 27.84643 ], [ -82.779615, 27.839714 ], [ -82.78042, 27.839627 ], [ -82.780859, 27.839748 ], [ -82.781467, 27.839401 ] ] ] } },
{ "type": "Feature", "properties": { "tract_geoid": "12103025009", "tract_name": "250.09", "land_area": 3789815, "water_area": 116213 }, "geometry": { "type": "Polygon", "coordinates": [ [ [ -82.74573, 27.88685 ], [ -82.745576, 27.871518 ], [ -82.745152, 27.869644 ], [ -82.74415, 27.867704 ], [ -82.742272, 27.865849 ], [ -82.740183, 27.864875 ], [ -82.738797, 27.863879 ], [ -82.737624, 27.862255 ], [ -82.73737, 27.861425 ], [ -82.737227, 27.861699 ], [ -82.737281, 27.863203 ], [ -82.736191, 27.864744 ], [ -82.728879, 27.86463 ], [ -82.729124, 27.886432 ], [ -82.743599, 27.886905 ], [ -82.74573, 27.88685 ] ] ] } },
{ "type": "Feature", "properties": { "tract_geoid": "12103028102", "tract_name": "281.02", "land_area": 2318257, "water_area": 6619866 }, "geometry": { "type": "Polygon", "coordinates": [ [ [ -82.732619, 27.762962 ], [ -82.732566, 27.758001 ], [ -82.731448, 27.757877 ], [ -82.731279, 27.756933 ], [ -82.732247, 27.756365 ], [ -82.732248, 27.75439 ], [ -82.732401, 27.754385 ], [ -82.732278, 27.73816 ], [ -82.724139, 27.721517 ], [ -82.72467, 27.719299 ], [ -82.723311, 27.71506 ], [ -82.723167, 27.713447 ], [ -82.723715, 27.70949 ], [ -82.724112, 27.707953 ], [ -82.722468, 27.70948 ], [ -82.72296, 27.709552 ], [ -82.723075, 27.710127 ], [ -82.722728, 27.710293 ], [ -82.722463, 27.710802 ], [ -82.722464, 27.712744 ], [ -82.722247, 27.713107 ], [ -82.721697, 27.713371 ], [ -82.715364, 27.714862 ], [ -82.71588, 27.716595 ], [ -82.714411, 27.716953 ], [ -82.714265, 27.716479 ], [ -82.710891, 27.71955 ], [ -82.696188, 27.73383 ], [ -82.706422, 27.733506 ], [ -82.711706, 27.734074 ], [ -82.711901, 27.735869 ], [ -82.713204, 27.736017 ], [ -82.714027, 27.736336 ], [ -82.716012, 27.737535 ], [ -82.71791, 27.737831 ], [ -82.717434, 27.739124 ], [ -82.717175, 27.739267 ], [ -82.715319, 27.738938 ], [ -82.713656, 27.738162 ], [ -82.713384, 27.738371 ], [ -82.713403, 27.739824 ], [ -82.715672, 27.739785 ], [ -82.715988, 27.740192 ], [ -82.715852, 27.740588 ], [ -82.715524, 27.740736 ], [ -82.713512, 27.740724 ], [ -82.713265, 27.740597 ], [ -82.713182, 27.741783 ], [ -82.711929, 27.742197 ], [ -82.711993, 27.743691 ], [ -82.714342, 27.743701 ], [ -82.71487, 27.743846 ], [ -82.714132, 27.744615 ], [ -82.71374, 27.745523 ], [ -82.713815, 27.746393 ], [ -82.714149, 27.747297 ], [ -82.713931, 27.748016 ], [ -82.714058, 27.748218 ], [ -82.714737, 27.748325 ], [ -82.715444, 27.748812 ], [ -82.716081, 27.749556 ], [ -82.718614, 27.753978 ], [ -82.719171, 27.754343 ], [ -82.72065, 27.754513 ], [ -82.721686, 27.755012 ], [ -82.722242, 27.755506 ], [ -82.72261, 27.756116 ], [ -82.722881, 27.757165 ], [ -82.723433, 27.757708 ], [ -82.72428, 27.757986 ], [ -82.724265, 27.762741 ], [ -82.728053, 27.762756 ], [ -82.729156, 27.763057 ], [ -82.729701, 27.761948 ], [ -82.732619, 27.762962 ] ] ] } },
{ "type": "Feature", "properties": { "tract_geoid": "12103028200", "tract_name": "282", "land_area": 1377336, "water_area": 0 }, "geometry": { "type": "Polygon", "coordinates": [ [ [ -82.72428, 27.757986 ], [ -82.723433, 27.757708 ], [ -82.722881, 27.757165 ], [ -82.72261, 27.756116 ], [ -82.721974, 27.755232 ], [ -82.721014, 27.754637 ], [ -82.720156, 27.754396 ], [ -82.719171, 27.754343 ], [ -82.718614, 27.753978 ], [ -82.716487, 27.750161 ], [ -82.715444, 27.748812 ], [ -82.714446, 27.74827 ], [ -82.712038, 27.748246 ], [ -82.712117, 27.762771 ], [ -82.724265, 27.762741 ], [ -82.72428, 27.757986 ] ] ] } },
{ "type": "Feature", "properties": { "tract_geoid": "12103028300", "tract_name": "283", "land_area": 2123659, "water_area": 12618 }, "geometry": { "type": "Polygon", "coordinates": [ [ [ -82.712129, 27.764586 ], [ -82.712038, 27.748246 ], [ -82.699687, 27.748306 ], [ -82.699808, 27.762732 ], [ -82.70558, 27.764529 ], [ -82.712129, 27.764586 ] ] ] } },
{ "type": "Feature", "properties": { "tract_geoid": "12103028500", "tract_name": "285", "land_area": 1366028, "water_area": 742246 }, "geometry": { "type": "Polygon", "coordinates": [ [ [ -82.706422, 27.733506 ], [ -82.696188, 27.73383 ], [ -82.693404, 27.736547 ], [ -82.692435, 27.737738 ], [ -82.69193, 27.739068 ], [ -82.690434, 27.740469 ], [ -82.690434, 27.741043 ], [ -82.687456, 27.74105 ], [ -82.687448, 27.744686 ], [ -82.699682, 27.744669 ], [ -82.699687, 27.748306 ], [ -82.706488, 27.748271 ], [ -82.706422, 27.733506 ] ] ] } },
{ "type": "Feature", "properties": { "tract_geoid": "12103025111", "tract_name": "251.11", "land_area": 1323528, "water_area": 437861 }, "geometry": { "type": "Polygon", "coordinates": [ [ [ -82.795315, 27.841766 ], [ -82.793322, 27.840314 ], [ -82.792464, 27.839848 ], [ -82.791265, 27.839648 ], [ -82.781467, 27.839401 ], [ -82.780859, 27.839748 ], [ -82.78042, 27.839627 ], [ -82.779615, 27.839714 ], [ -82.780816, 27.84643 ], [ -82.780896, 27.850861 ], [ -82.784124, 27.850794 ], [ -82.784063, 27.850424 ], [ -82.795315, 27.850688 ], [ -82.795315, 27.841766 ] ] ] } },
{ "type": "Feature", "properties": { "tract_geoid": "12103024515", "tract_name": "245.15", "land_area": 1791286, "water_area": 42335 }, "geometry": { "type": "Polygon", "coordinates": [ [ [ -82.691607, 27.850598 ], [ -82.683915, 27.839683 ], [ -82.682931, 27.840066 ], [ -82.681419, 27.841078 ], [ -82.674694, 27.847012 ], [ -82.671356, 27.84891 ], [ -82.671503, 27.855985 ], [ -82.674569, 27.855906 ], [ -82.676335, 27.855239 ], [ -82.677495, 27.854138 ], [ -82.677969, 27.853205 ], [ -82.678215, 27.852007 ], [ -82.680522, 27.852038 ], [ -82.682796, 27.852352 ], [ -82.683937, 27.852337 ], [ -82.686915, 27.851321 ], [ -82.690139, 27.851166 ], [ -82.691607, 27.850598 ] ] ] } },
{ "type": "Feature", "properties": { "tract_geoid": "12103026003", "tract_name": "260.03", "land_area": 1325134, "water_area": 2326832 }, "geometry": { "type": "Polygon", "coordinates": [ [ [ -82.834485, 27.977273 ], [ -82.837795, 27.966341 ], [ -82.828306, 27.966551 ], [ -82.825964, 27.965755 ], [ -82.82274, 27.962925 ], [ -82.820848, 27.964038 ], [ -82.811225, 27.960597 ], [ -82.809809, 27.962489 ], [ -82.81956, 27.970773 ], [ -82.82193, 27.973181 ], [ -82.822471, 27.973801 ], [ -82.822589, 27.974442 ], [ -82.823318, 27.975011 ], [ -82.824423, 27.977579 ], [ -82.823456, 27.984095 ], [ -82.823873, 27.986692 ], [ -82.824158, 27.986917 ], [ -82.825032, 27.986978 ], [ -82.82519, 27.987198 ], [ -82.826135, 27.987201 ], [ -82.826089, 27.988984 ], [ -82.832967, 27.989039 ], [ -82.834485, 27.977273 ] ] ] } },
{ "type": "Feature", "properties": { "tract_geoid": "12103025311", "tract_name": "253.11", "land_area": 2226681, "water_area": 101412 }, "geometry": { "type": "Polygon", "coordinates": [ [ [ -82.795372, 27.894641 ], [ -82.795301, 27.880155 ], [ -82.787098, 27.880064 ], [ -82.78709, 27.883747 ], [ -82.781238, 27.88366 ], [ -82.7812, 27.884898 ], [ -82.778683, 27.884906 ], [ -82.775924, 27.8846 ], [ -82.776223, 27.886968 ], [ -82.777308, 27.887055 ], [ -82.777692, 27.887485 ], [ -82.778181, 27.887375 ], [ -82.7788, 27.88749 ], [ -82.778781, 27.89001 ], [ -82.779124, 27.890889 ], [ -82.77896, 27.891051 ], [ -82.779033, 27.894644 ], [ -82.795372, 27.894641 ] ] ] } },
{ "type": "Feature", "properties": { "tract_geoid": "12103028006", "tract_name": "280.06", "land_area": 1026126, "water_area": 1116809 }, "geometry": { "type": "Polygon", "coordinates": [ [ [ -82.758828, 27.736514 ], [ -82.752351, 27.730809 ], [ -82.749628, 27.727652 ], [ -82.74758, 27.724273 ], [ -82.746541, 27.722065 ], [ -82.741405, 27.725396 ], [ -82.744074, 27.731106 ], [ -82.745253, 27.733069 ], [ -82.745185, 27.734274 ], [ -82.74613, 27.735707 ], [ -82.744385, 27.736723 ], [ -82.744666, 27.737078 ], [ -82.744917, 27.738498 ], [ -82.741292, 27.74472 ], [ -82.746141, 27.746148 ], [ -82.747079, 27.744642 ], [ -82.754272, 27.740872 ], [ -82.754495, 27.740649 ], [ -82.753924, 27.739568 ], [ -82.758828, 27.736514 ] ] ] } },
{ "type": "Feature", "properties": { "tract_geoid": "12103028403", "tract_name": "284.03", "land_area": 984012, "water_area": 181395 }, "geometry": { "type": "Polygon", "coordinates": [ [ [ -82.717904, 27.737914 ], [ -82.717805, 27.737754 ], [ -82.716012, 27.737535 ], [ -82.714027, 27.736336 ], [ -82.713204, 27.736017 ], [ -82.711901, 27.735869 ], [ -82.711706, 27.734074 ], [ -82.706422, 27.733506 ], [ -82.706488, 27.748271 ], [ -82.714058, 27.748218 ], [ -82.713931, 27.748016 ], [ -82.714149, 27.747297 ], [ -82.713815, 27.746393 ], [ -82.71374, 27.745523 ], [ -82.714132, 27.744615 ], [ -82.71487, 27.743846 ], [ -82.714342, 27.743701 ], [ -82.711993, 27.743691 ], [ -82.711929, 27.742197 ], [ -82.713182, 27.741783 ], [ -82.713265, 27.740597 ], [ -82.713512, 27.740724 ], [ -82.715524, 27.740736 ], [ -82.715963, 27.740412 ], [ -82.715957, 27.740087 ], [ -82.715672, 27.739785 ], [ -82.713403, 27.739824 ], [ -82.713384, 27.738371 ], [ -82.713545, 27.738179 ], [ -82.715319, 27.738938 ], [ -82.717175, 27.739267 ], [ -82.717434, 27.739124 ], [ -82.717904, 27.737914 ] ] ] } },
{ "type": "Feature", "properties": { "tract_geoid": "12103024908", "tract_name": "249.08", "land_area": 2235055, "water_area": 33791 }, "geometry": { "type": "Polygon", "coordinates": [ [ [ -82.699959, 27.839244 ], [ -82.699915, 27.828308 ], [ -82.679625, 27.828343 ], [ -82.679767, 27.831053 ], [ -82.68043, 27.833779 ], [ -82.681664, 27.836349 ], [ -82.683977, 27.839674 ], [ -82.685424, 27.839298 ], [ -82.687168, 27.839231 ], [ -82.699959, 27.839244 ] ] ] } },
{ "type": "Feature", "properties": { "tract_geoid": "12103024604", "tract_name": "246.04", "land_area": 1788942, "water_area": 1306 }, "geometry": { "type": "Polygon", "coordinates": [ [ [ -82.679625, 27.828343 ], [ -82.6795, 27.808504 ], [ -82.677779, 27.808281 ], [ -82.671351, 27.808338 ], [ -82.671367, 27.82837 ], [ -82.679625, 27.828343 ] ] ] } },
{ "type": "Feature", "properties": { "tract_geoid": "12103024201", "tract_name": "242.01", "land_area": 1425019, "water_area": 6740 }, "geometry": { "type": "Polygon", "coordinates": [ [ [ -82.664432, 27.812481 ], [ -82.662467, 27.807598 ], [ -82.662188, 27.806571 ], [ -82.655015, 27.806587 ], [ -82.655011, 27.82114 ], [ -82.664522, 27.821107 ], [ -82.664432, 27.812481 ] ] ] } },
{ "type": "Feature", "properties": { "tract_geoid": "12103023502", "tract_name": "235.02", "land_area": 539979, "water_area": 86184 }, "geometry": { "type": "Polygon", "coordinates": [ [ [ -82.643619, 27.782807 ], [ -82.642223, 27.783077 ], [ -82.642211, 27.781189 ], [ -82.641507, 27.781171 ], [ -82.641602, 27.77753 ], [ -82.638539, 27.777545 ], [ -82.638545, 27.792117 ], [ -82.64264, 27.792108 ], [ -82.642527, 27.787707 ], [ -82.64315, 27.78641 ], [ -82.643212, 27.786058 ], [ -82.642938, 27.785113 ], [ -82.643584, 27.784035 ], [ -82.643619, 27.782807 ] ] ] } },
{ "type": "Feature", "properties": { "tract_geoid": "12103022101", "tract_name": "221.01", "land_area": 999114, "water_area": 0 }, "geometry": { "type": "Polygon", "coordinates": [ [ [ -82.699926, 27.780896 ], [ -82.699888, 27.776402 ], [ -82.679397, 27.776457 ], [ -82.679426, 27.780935 ], [ -82.699926, 27.780896 ] ] ] } },
{ "type": "Feature", "properties": { "tract_geoid": "12103021501", "tract_name": "215.01", "land_area": 769447, "water_area": 868479 }, "geometry": { "type": "Polygon", "coordinates": [ [ [ -82.638539, 27.777545 ], [ -82.638461, 27.770309 ], [ -82.631594, 27.770345 ], [ -82.630322, 27.769853 ], [ -82.629271, 27.770265 ], [ -82.628985, 27.770189 ], [ -82.628849, 27.769933 ], [ -82.627958, 27.769702 ], [ -82.627741, 27.770315 ], [ -82.627832, 27.770556 ], [ -82.624762, 27.771033 ], [ -82.622893, 27.771106 ], [ -82.621308, 27.770545 ], [ -82.617605, 27.770519 ], [ -82.61764, 27.777775 ], [ -82.638539, 27.777545 ] ] ] } },
{ "type": "Feature", "properties": { "tract_geoid": "12103023601", "tract_name": "236.01", "land_area": 696864, "water_area": 943697 }, "geometry": { "type": "Polygon", "coordinates": [ [ [ -82.638564, 27.781225 ], [ -82.638539, 27.777545 ], [ -82.61764, 27.777775 ], [ -82.611306, 27.782961 ], [ -82.607976, 27.785242 ], [ -82.62324, 27.785292 ], [ -82.625129, 27.784942 ], [ -82.626684, 27.784947 ], [ -82.629181, 27.781287 ], [ -82.638564, 27.781225 ] ] ] } },
{ "type": "Feature", "properties": { "tract_geoid": "12103024202", "tract_name": "242.02", "land_area": 1297590, "water_area": 0 }, "geometry": { "type": "Polygon", "coordinates": [ [ [ -82.655015, 27.806587 ], [ -82.648736, 27.806617 ], [ -82.646759, 27.806934 ], [ -82.646833, 27.821195 ], [ -82.655011, 27.82114 ], [ -82.655015, 27.806587 ] ] ] } },
{ "type": "Feature", "properties": { "tract_geoid": "12103020109", "tract_name": "201.09", "land_area": 2930671, "water_area": 120817 }, "geometry": { "type": "Polygon", "coordinates": [ [ [ -82.696188, 27.73383 ], [ -82.68548, 27.733714 ], [ -82.676197, 27.733805 ], [ -82.675814, 27.735993 ], [ -82.675759, 27.737886 ], [ -82.676044, 27.740169 ], [ -82.677114, 27.745442 ], [ -82.677139, 27.752004 ], [ -82.693073, 27.751926 ], [ -82.693065, 27.744688 ], [ -82.687448, 27.744686 ], [ -82.687456, 27.74105 ], [ -82.690434, 27.741043 ], [ -82.690434, 27.740469 ], [ -82.69193, 27.739068 ], [ -82.692435, 27.737738 ], [ -82.693404, 27.736547 ], [ -82.696188, 27.73383 ] ] ] } },
{ "type": "Feature", "properties": { "tract_geoid": "12103028601", "tract_name": "286.01", "land_area": 1025047, "water_area": 0 }, "geometry": { "type": "Polygon", "coordinates": [ [ [ -82.64818, 27.767101 ], [ -82.64664, 27.767076 ], [ -82.646598, 27.759398 ], [ -82.638443, 27.759429 ], [ -82.638461, 27.770309 ], [ -82.648185, 27.770263 ], [ -82.64818, 27.767101 ] ] ] } },
{ "type": "Feature", "properties": { "tract_geoid": "12103020110", "tract_name": "201.10", "land_area": 525881, "water_area": 0 }, "geometry": { "type": "Polygon", "coordinates": [ [ [ -82.69971, 27.751936 ], [ -82.699682, 27.744669 ], [ -82.693065, 27.744688 ], [ -82.693073, 27.751926 ], [ -82.69971, 27.751936 ] ] ] } }
]
}
